{
  "data_file": "data/tsp50_test.txt",
  "checkpoint": "checkpoints/flow_matching_gated_gcn/best.pt",
  "mode": "flow_matching",
  "encoder_type": "gated_gcn",
  "decoder": "greedy+2opt",
  "inference_steps": 20,
  "n_total": 1000,
  "n_valid": 848,
  "avg_gap": 4.355050556120012,
  "std_gap": 3.0285511123093585,
  "best_gap": 0.0,
  "worst_gap": 16.129846264205646,
  "valid_rate": 0.848,
  "avg_infer_ms": 138.28210949897766,
  "all_gaps": [
    1.451112192669973,
    0.471771713147077,
    2.323222193575964,
    6.049221965338407,
    2.7054989645733247,
    1.7676744500140777,
    0.08301898453867404,
    5.350850940081084,
    4.585133369311176,
    1.5710953061068247,
    4.434152709978996,
    0.0,
    1.9106667450752366,
    11.78859018479779,
    2.6630973335817285,
    6.478903270979427,
    4.487300053068462,
    0.0,
    1.2356372649707128,
    2.8347063508897548,
    0.5661298329085295,
    4.24977036625362,
    0.628713682048645,
    2.3002348880541446,
    3.866628474088497,
    1.765194974237273,
    2.537957529354424,
    4.9778729643567114,
    2.9159705692921283,
    7.9307407224112145,
    2.4095148237382378,
    5.96953837206879,
    4.646232083135401,
    0.6193238396198093,
    5.629020990958515,
    1.5503565329304343,
    0.127106251596519,
    6.1323845682512585,
    3.174309621597027,
    0.9669533881125992,
    0.0,
    1.7657433988045677,
    1.6636738626307497,
    7.076181224005714,
    3.6334467403115904,
    4.448607093210163,
    0.6196478875487776,
    1.0118280626148102,
    1.5463741284499446,
    6.6919725715127765,
    1.8818463849151745,
    4.011526568867983,
    5.409714594063821,
    1.852767559772161,
    2.9653584451800334,
    1.9422687713701285,
    2.7150814952929765,
    5.425867026302042,
    13.44537623165228,
    1.5329316580496373,
    2.9016319830034787,
    10.377903890303605,
    0.0945151332259934,
    9.501117654170944,
    2.448122251576102,
    10.834265470735053,
    6.546777279439141,
    2.8593715679842724,
    9.346492605553939,
    6.151996377903176,
    2.7509970518484748,
    5.350657330115304,
    4.341784153540873,
    1.860196295814274,
    6.893950876522739,
    5.855169950327712,
    2.8673429423068235,
    4.743826816189041,
    10.966663592520352,
    1.3117930497057912,
    1.985060224038892,
    3.312670846364408,
    3.1695666501889597,
    5.594067796001634,
    6.371405154952936,
    0.0,
    0.10023747493376706,
    1.2791235146819706,
    2.2789077644766906,
    10.519883432724798,
    2.5731689958360042,
    0.514668154703881,
    1.7351471439083406,
    3.2331306753528044,
    2.0927698398385086,
    5.654943609687433,
    2.979653640781383,
    9.250544562690262,
    4.334064607715813,
    6.614686391390855,
    7.980879805076471,
    1.928677804252627,
    6.893924530291401,
    4.379826478503009,
    7.527538584979515,
    6.085479485939473,
    4.817341389104769,
    4.59995496207449,
    10.022532004554497,
    10.79711023125813,
    5.508797877380955,
    0.0,
    9.315017101013954,
    11.095875109639838,
    4.524320776379249,
    1.9289862569459775,
    5.418785033105038,
    7.386743906496602,
    0.0,
    3.37715075307193,
    9.557387469972541,
    2.34112842023476,
    0.6377114177970756,
    10.18346471556143,
    1.0526953164626986,
    0.967226201692987,
    2.8469217626127348,
    7.436319796428906,
    2.9507256455809103,
    2.526763839346319,
    0.6255010747266404,
    6.465231313734145,
    9.45630767235669,
    5.891949097959068,
    6.41100553745015,
    7.23612018347455,
    8.09104109323602,
    6.028871596429473,
    6.311029553879555,
    8.028355783934954,
    3.6064245364365615,
    4.186972336894638,
    5.08813980524655,
    2.2798674566939097,
    6.319716056341225,
    2.1381923113976935,
    0.15330882936257553,
    4.731621883173772,
    3.938836433194384,
    6.289727512823595,
    4.228752223803874,
    2.263084317564448,
    3.6487647541947594,
    3.234020641734197,
    2.0051928424675576,
    1.0459088406835648,
    9.600727200623593,
    8.638602688792776,
    5.715094697885411,
    0.74260330914262,
    1.6492521204732071,
    2.0484821358065597,
    3.128479905184304,
    4.643484411734035,
    7.64285049143873,
    8.435038256127765,
    6.413213083540359,
    7.571007431966216,
    8.07922885865894,
    4.0869884363859645,
    4.900870744573436,
    2.7296435532006593,
    4.123273836948186,
    4.593071350989115,
    2.6877804841362494,
    9.522559755882314,
    1.628522201056588,
    1.6122863473505888,
    9.863922957665046,
    5.222794861936424,
    2.886694489693132,
    0.43362272069333063,
    8.13136357877181,
    2.9692444540870238,
    12.396161628395884,
    4.998655953183761,
    3.050160544805762,
    3.2551159999757715,
    1.429655240955959,
    2.1575918973195014,
    3.74465014650358,
    8.819374601298042,
    15.653852808361826,
    4.614341681566262,
    6.668220254798624,
    2.288641451192983,
    5.256528088901559,
    1.4109087004126457,
    0.41120181926924293,
    0.0,
    0.0,
    12.790196681132631,
    2.414449274354781,
    3.5279461539121475,
    8.266610773098504,
    2.199288881712838,
    0.49617706222715613,
    5.101186897417084,
    2.8136645550052903,
    3.923281699701877,
    0.03425547842791774,
    5.436827193549575,
    4.98545153353006,
    4.054993611774323,
    0.0,
    0.0,
    6.354392884263656,
    0.16555877004264297,
    1.9770981551039715,
    2.7625740223550657,
    1.5012783248202746,
    5.397955802145117,
    0.0,
    3.60776776681581,
    3.6770795164692736,
    2.658334197758487,
    3.83457325752483,
    3.8609031598000407,
    6.834101986350981,
    7.919254244241625,
    1.159140539186768,
    2.7480223467178946,
    11.324988765824997,
    2.7572558840267787,
    2.340913509765318,
    1.1111099759382328,
    5.866589915481829,
    4.156999971108164,
    1.447540728384846,
    0.6118343840287354,
    4.871996606481291,
    3.68098068998672,
    5.887567577023291,
    4.859938695579849,
    2.958509275822703,
    2.7177124093504106,
    5.449785409440702,
    2.7136744642902575,
    2.3191211053960643,
    7.703439807045753,
    0.1013565534417663,
    4.01935829968014,
    3.8866679006497327,
    5.510715199232123,
    4.594481000532409,
    2.2028534906142534,
    7.235273641683664,
    0.9766398902131955,
    0.6557405520476224,
    0.2298070028148983,
    1.2748497296986692,
    1.6088437812778906,
    3.6504506685020326,
    6.357918353154952,
    1.975932668102588,
    1.530588005034013,
    2.640172273188787,
    4.937613835716397,
    8.100212555875649,
    7.378676988641199,
    3.161090600080733,
    6.4591846245974205,
    0.7927260212542999,
    1.2941327277086296,
    9.047078880980088,
    6.074490882935819,
    7.959170640069371,
    4.759042420825982,
    2.342722306451529,
    6.989466294767914,
    3.2041367725433414,
    4.930394202279054,
    2.9803675272221435,
    0.0,
    3.7063580616801595,
    5.716434202981667,
    3.1180693836656124,
    1.8507773703314998,
    3.395168162538109,
    8.571567994850133,
    1.4522668366849036,
    4.369454494305033,
    1.0662269574473486,
    3.274594898409012,
    5.040512038849487,
    4.532766326371244,
    0.7137501892594446,
    2.3843752242312806,
    9.982300973041953,
    9.434166383034096,
    1.658894053535015,
    7.141062470025744,
    3.6190220004249256,
    2.6653122584356983,
    6.489033407310327,
    6.309759578759236,
    0.02719812864446484,
    2.016037851192012,
    4.189514735712631,
    3.419384415681797,
    3.2115212586681796,
    7.2785411764925865,
    2.90029711804115,
    8.454370187722207,
    5.904201528086796,
    1.3069143843720452,
    0.32783899670489886,
    6.403920722330379,
    5.065032919902579,
    9.036386288604577,
    6.802450854220554,
    8.462461552138093,
    4.13136215662695,
    1.803202889842607,
    2.040207219642615,
    4.831896419155839,
    3.397943573267994,
    12.972835223953657,
    8.946237098040594,
    1.56169327542353,
