{
  "data_file": "data/tsp50_test.txt",
  "checkpoint": "checkpoints/continuous_ddpm_gated_gcn/best.pt",
  "mode": "continuous_ddpm",
  "encoder_type": "gated_gcn",
  "decoder": "greedy+2opt",
  "inference_steps": 50,
  "n_total": 1000,
  "n_valid": 40,
  "avg_gap": 2.8549168195703425,
  "std_gap": 2.7055370095475566,
  "best_gap": 0.0,
  "worst_gap": 9.51177023492076,
  "valid_rate": 0.04,
  "avg_infer_ms": 352.5121703147888,
  "all_gaps": [
    5.493798362620437,
    0.0,
    3.579594445058728,
    0.18798858369184418,
    6.732757098647535,
    0.3081990977787098,
    1.7583538742082283,
    5.111385451188491,
    0.5284125250805006,
    0.5487337037634771,
    0.0,
    1.5009448263863971,
    2.23412519673829,
    9.51177023492076,
    2.081493429392273,
    4.3604432982234,
    0.0,
    0.7459061404686703,
    0.22822404749301958,
    2.735468412655372,
    1.9099807968482878,
    2.1807037312144204,
    2.125961295693558,
    6.73511168739597,
    9.027685302594193,
    0.7215249158608206,
    0.783446619851035,
    3.235152713542184,
    4.290193814309619,
    5.630473421345725,
    3.306482314929571,
    3.528775995319813,
    7.287465208884991,
    0.34088712717649017,
    8.701224473977948,
    1.338429586590749,
    2.074380372629622,
    1.5310466350080891,
    0.5693305954675718,
    1.2308174458568932
  ]
}