{
  "data_file": "data/tsp50_test.txt",
  "checkpoint": "checkpoints/continuous_ddpm_gated_gcn/best.pt",
  "mode": "continuous_ddpm",
  "encoder_type": "gated_gcn",
  "decoder": "greedy",
  "inference_steps": 50,
  "n_total": 1000,
  "n_valid": 40,
  "avg_gap": 5.920491717842389,
  "std_gap": 4.308473457422113,
  "best_gap": 0.0,
  "worst_gap": 15.53359888528928,
  "valid_rate": 0.04,
  "avg_infer_ms": 350.5538034439087,
  "all_gaps": [
    3.553285471500598,
    3.7730109502011175,
    12.39270201749076,
    7.85922364636698,
    3.296017808063744,
    6.275998980364611,
    0.0,
    6.765661663527522,
    2.0712887782664864,
    0.038061362320123436,
    9.400526309435055,
    4.530338735444253,
    9.268645360054926,
    0.8076594925801274,
    11.689254446891862,
    10.19711968765044,
    5.98024527392674,
    0.3037196296116069,
    11.528814661366365,
    2.568604867157993,
    8.901110075086052,
    12.545316853565481,
    7.0288381644132025,
    15.53359888528928,
    3.5368066474890574,
    0.0,
    9.903676553670905,
    4.320092178067716,
    10.502799295636029,
    2.1076773498133092,
    3.7559791238303686,
    12.051704984251979,
    1.3004158308177094,
    5.058179202523343,
    4.931723968780723,
    11.596327678634367,
    0.1153526588014282,
    6.5343051880348435,
    1.647479405809336,
    3.1481055269590823
  ]
}