{
  "data_file": "data/tsp50_test.txt",
  "checkpoint": "checkpoints/flow_matching_gated_gcn/best.pt",
  "mode": "flow_matching",
  "encoder_type": "gated_gcn",
  "decoder": "greedy",
  "inference_steps": 20,
  "n_total": 1000,
  "n_valid": 815,
  "avg_gap": 26.792792591815427,
  "std_gap": 15.161426057964123,
  "best_gap": 0.0,
  "worst_gap": 78.24319147280615,
  "valid_rate": 0.815,
  "avg_infer_ms": 130.57366514205933,
  "all_gaps": [
    15.568503140622605,
    59.790779512163894,
    8.48790014286555,
    0.43266307123244613,
    31.447124748563038,
    14.175152114124382,
    41.106044030007965,
    7.630198625725695,
    42.82504532448162,
    42.324270284556874,
    18.968911649536167,
    56.293679346612514,
    39.157017033277604,
    17.084190026115333,
    29.08884228370227,
    8.569149432986517,
    50.55778181631402,
    2.4913787497444053,
    49.6772262582874,
    12.750699791532668,
    7.591715394325206,
    60.78833535125189,
    43.32976783121373,
    15.557340984956305,
    27.763921161961974,
    12.426487315276812,
    56.01563510516534,
    30.778107660961652,
    30.79146297169226,
    31.637182520359357,
    42.612896207125736,
    28.814164170590097,
    44.12828436893713,
    22.79639714533311,
    14.31846142877688,
    17.04427842443981,
    19.427261401653155,
    6.468801024463658,
    23.808118248909736,
    5.207788770840787,
    9.514724305972406,
    0.022920049712105466,
    9.081837208573026,
    49.807681624553204,
    35.93924055199329,
    16.546407798483553,
    19.20896204402014,
    31.819302961166663,
    8.377871088232789,
    27.88618227842614,
    42.28915845230353,
    17.649128885740144,
    27.276868155038375,
    22.919983733506587,
    42.88510744590573,
    29.197012324271725,
    44.963686299187835,
    0.25550552060881393,
    22.17988700297367,
    24.98834531039473,
    39.04599778691789,
    13.492774116702833,
    62.02745170285161,
    2.0723793339882546,
    13.077241898733835,
    22.375124777801012,
    51.247340202257305,
    40.06043614857603,
    18.045676016857673,
    28.092379966833615,
    21.651303978759145,
    35.626165681089525,
    28.852513537147225,
    23.62658518831467,
    2.8711755080618113,
    25.376314848860705,
    15.533057713693632,
    26.936129963451815,
    60.908142643750004,
    4.824940775390126,
    23.589742215975846,
    0.6353271489066599,
    30.469245811703622,
    22.05959250152123,
    11.998643538081183,
    19.64942479985693,
    31.069942492593455,
    8.806460686436353,
    32.3257036850095,
    53.17271237870755,
    41.523616138427876,
    10.300836321275364,
    40.76797114307122,
    34.94981395141487,
    5.880360021535221,
    44.57774102232979,
    14.089562198825604,
    20.814434522287982,
    17.38310643774268,
    49.40772106373944,
    6.637525516336626,
    31.477446680058996,
    21.554639007718574,
    0.9109117120636384,
    10.997261631460137,
    25.944614578240905,
    9.326946622759381,
    27.07310229011816,
    12.473749655657574,
    17.203391511095603,
    29.52483213529956,
    24.675018523394666,
    14.730711469948732,
    18.68381589952276,
    25.869807546647174,
    22.91748184304062,
    28.811953163117433,
    14.645927641830042,
    17.216573266967764,
    39.28293883854162,
    23.136182811713685,
    59.29744657724969,
    28.045443154085337,
    24.84178336538805,
    30.804077949895508,
    54.922895917904555,
    14.189901515558992,
    57.31794472424586,
    9.522604364590583,
    41.30276617915903,
    20.148590502081955,
    18.811141019584518,
    32.51077861766531,
    34.11198485599712,
    32.267247630749395,
    7.000817924882896,
    16.508937571121248,
    32.0186002427349,
    39.463065723938065,
    57.717786958706675,
    6.7906575250217145,
    36.70555292216724,
    30.675646248846032,
    24.770908334818355,
    33.65539880093133,
    24.32119424947232,
    24.055174713633765,
    40.8895280661188,
    14.22742057015491,
    35.28168410937259,
    26.344646324135702,
    40.49124444418655,
    47.29112530476014,
    19.422438888982892,
    21.14399611689079,
    53.278775187661566,
    49.034550885325984,
    16.589292377318955,
    26.668779247555797,
    5.114574994450598,
    9.141157223016476,
    53.432304802709275,
    13.970478953288529,
    21.474278173561647,
    29.56172191826516,
    26.928163450406323,
    31.516706415411473,
    33.41910987490382,
    50.550366534208536,
    25.84582201488988,
    25.729341124066003,
    11.233690974715097,
    36.12191113289994,
    21.419003849828403,
    50.012185271573074,
    10.335335451825578,
    14.879831115251774,
    4.564770922750983,
    23.539946633167077,
    27.869095052769005,
    39.051967997228346,
    3.2342551652800395,
    61.67201433908477,
    20.388346446325585,
    11.790027883686086,
    52.01961713229012,
    48.31696996441312,
    1.206205679706469,
    35.76690628059079,
    6.99852802118274,
    24.39130216644079,
    13.403165902440692,
    19.0627467247177,
    11.3150119198682,
    29.73837094827319,
    23.264856725872967,
    8.917924565935804,
    23.734071408255613,
    19.900896157124556,
    35.019833587720356,
    26.863808109346145,
    50.47435341896539,
    50.066739868149035,
    35.4351581821248,
    17.00542407031664,
    8.607732210073804,
    2.122977905174771,
    30.790656831135927,
    42.24477766879484,
    25.59683577921864,
    41.310719099462084,
    17.853329866614683,
    11.49049876528184,
    21.631211964561817,
    18.74076175747351,
    43.99833607106643,
    7.14828030377519,
    15.986252158767694,
    19.22627647291858,
    30.197011841892984,
    14.493660746763181,
    24.67362253246814,
    5.887160377240849,
    39.66193970769943,
    25.55892388836785,
    29.631330731521,
    22.262560982875048,
    48.97200499397156,
    17.67883837916661,
    25.39326130638213,
    23.068207986395556,
    30.157992998628462,
    30.387426681704277,
    15.529842776847143,
    32.425923628115115,
    59.838690617584945,
    18.813877242308514,
    25.955320621229248,
    14.174675698518827,
    20.644709237558803,
    37.92456479390947,
    55.94059567996482,
    68.57292234585333,
    14.081665188822095,
    31.914966773185977,
    36.94723123918065,
    47.40498976007663,
    41.51617424869878,
    43.15508082591777,
    29.18134529058175,
    21.245308016899834,
    8.88215298728337,
    60.32729703960076,
    1.8916731093146806,
    25.484017210239042,
    7.0805870733920155,
    52.17504104479773,
    48.23510865236554,
    17.893844395606283,
    31.09074651012792,
    29.266265280282934,
    38.22689129292858,
    25.068704600133422,
    18.273866235105167,
    28.35922572251307,
    5.312329861468481,
    1.5825689794759998,
    32.75603929108559,
    24.412198998010926,
    18.15653641052857,
    11.311162013217727,
    12.055179013383176,
    12.77515402712795,
    6.107373012786363,
    27.813911802008402,
    26.477393996431083,
    35.529433768352945,
    38.333009807028354,
    10.096955664210276,
    70.41734428058777,
    12.598792156099714,
    11.2793076100692,
    1.9690761748370949,
    44.95789184181075,
    30.998368726840898,
    15.893279772724725,
    27.180827551845205,
    20.285140595182632,
    13.36198762995118,
    42.789813455967504,
    27.168483369250485,
    24.143641027102746,
    20.05180892874057,
    36.845856462468326,
    8.964195034583852,
    35.45325567386477,
    37.344515403726874,
    24.316702696215923,
    54.54970851381488,
    45.489084089760574,
    28.03276423079214,
    35.60945693651859,
    15.666534100050406,
    41.8451883260799,
    8.898262965901793,
    40.55505628582215,
    38.13168211701392,
    18.432828259622084,
    17.136098866541424,
    14.49083967028613,
    27.316547226898162,
    17.61585187515662,
    3.44678661258525,
    36.1436988648679,
    24.26076022965215,
    18.831027847982426,
    46.269133494127686,
    25.642256458365782,
    44.33674419931847,
    19.86342819105801,
    13.329304278562834,
