{
  "data_file": "data/tsp50_test.txt",
  "checkpoint": "checkpoints/flow_matching_gated_gcn/best.pt",
  "mode": "flow_matching",
  "encoder_type": "gated_gcn",
  "decoder": "greedy+2opt",
  "inference_steps": 20,
  "n_total": 1000,
  "n_valid": 841,
  "avg_gap": 4.454304122581521,
  "std_gap": 2.957972573092753,
  "best_gap": 0.0,
  "worst_gap": 16.090367869123007,
  "valid_rate": 0.841,
  "avg_infer_ms": 134.21287274360657,
  "all_gaps": [
    4.727691587101056,
    2.9928223955706375,
    7.388380482789038,
    1.3947936516614796,
    10.716844645507816,
    0.0,
    3.7825459843229603,
    4.132792174148403,
    4.729385129142049,
    3.212976366622669,
    12.207496880055114,
    6.802013468638101,
    7.621393280400339,
    6.695275968257763,
    5.346297146962004,
    12.28764637746328,
    2.681270547439249,
    9.256971361486844,
    5.423704757433251,
    14.279177728641015,
    1.2229703084122805,
    6.343922768752687,
    2.674859526347889,
    9.469465464067424,
    4.661497158306856,
    1.662161797224771,
    4.537802175743858,
    2.9159705692921283,
    8.373779260772176,
    5.810071581935708,
    10.300985323261354,
    4.791966838268905,
    1.5284244480651707,
    6.386455887060409,
    5.789753205414421,
    6.084663773270498,
    2.6442735154564447,
    3.3353507146017343,
    3.5207622570846695,
    1.6557477936717906,
    7.075172054320555,
    0.7367467041908546,
    3.2046699492308894,
    4.532694462892398,
    4.212412115554047,
    13.305716054833871,
    3.692451064818547,
    3.488036549324415,
    3.0526702658813507,
    6.8923942059846866,
    1.4207565332776768,
    3.578089744307799,
    1.3177072544617279,
    6.947034530529872,
    3.0389493497531745,
    0.5141666431171869,
    7.254366981551681,
    1.3395105462227976,
    4.966352778099924,
    4.908338818252651,
    0.8005855063456468,
    1.009297225027537,
    2.119820345102012,
    2.8599329992952103,
    9.06113747938799,
    2.6319120516138828,
    5.213418999027936,
    5.534011205824587,
    6.161854434947524,
    9.933817971520357,
    4.013078880064399,
    4.400277147178762,
    1.5883503848167255,
    6.574416058545976,
    5.352705268622119,
    0.0,
    4.850199412686481,
    6.466144740966258,
    4.089241780533202,
    5.941290646894353,
    7.464192415698066,
    9.378645497832261,
    0.0,
    1.5901421337093178,
    6.36583421251873,
    2.4369037198284222,
    3.1977711967817872,
    10.753909307724506,
    10.300074475622214,
    14.064477942348297,
    1.3085773286215212,
    4.546075074866381,
    6.033717503426607,
    4.107597291987468,
    6.594877498571237,
    7.470718351315314,
    0.0,
    5.203862344076541,
    2.788627288626073,
    7.168770454623886,
    2.5458702079052125,
    10.232244194710303,
    2.463116508004306,
    6.289425311333353,
    3.96804065701736,
    2.9641736019536173,
    9.167125001348325,
    5.4039605589024164,
    1.1269349173301333,
    3.569952127811666,
    6.373454768759074,
    4.506820753367137,
    3.286262543585392,
    1.7352645744376263,
    7.853660282700736,
    6.6776665590754725,
    2.4245575974259657,
    7.6991111242266905,
    2.9747106153922753,
    2.757375346462005,
    6.061661106131564,
    5.070221245958054,
    5.124093223632811,
    2.6621182794416836,
    4.950324096985689,
    0.0,
    0.4467982950893091,
    3.20534883750943,
    7.18362094658788,
    0.42075096226893055,
    4.188100523249853,
    3.5145696990146655,
    1.213076502833339,
    3.0217636120513074,
    4.6757309138710905,
    4.557182524997347,
    7.6806921994845885,
    10.229949075137082,
    4.628016739035719,
    4.12727854853452,
    4.167351544165008,
    2.244912971718691,
    3.460479643018192,
    3.4765328864153475,
    9.173667230151707,
    2.7543392364255515,
    1.2359657568523388,
    7.580864956585982,
    4.748833238186519,
    8.624146095727951,
    2.0261873976263307,
    0.15330882936257553,
    7.9143027085941355,
    1.9215920392962982,
    1.6951118333483581,
    2.3598855834931625,
    1.1780017653135038,
    5.324430177713721,
    8.932802117012672,
    0.3110374299530064,
    4.409521706945039,
    4.084721514490218,
    2.0691448770627074,
    1.0208917590412279,
    4.13750078006222,
    4.86836429291267,
    7.602565531293721,
    11.507600223668222,
    5.345517244180956,
    7.963049208604741,
    3.2972358892038733,
    2.6880029085405943,
    7.655205359061336,
    4.546408589244329,
    7.529597022901586,
    3.802282718686164,
    9.869757407482346,
    8.609572741947868,
    6.895098925831395,
    0.43362272069333063,
    11.089477068338864,
    3.6047594020740683,
    7.88766429771814,
    2.954727897616487,
    1.9499240415922152,
    7.027442178332486,
    3.3205177286897363,
    3.351784494881153,
    2.385048672025896,
    5.465804120147368,
    3.7669649521008064,
    3.5939088345435626,
    2.9107965534341735,
    2.4678880500413523,
    1.9514406312306036,
    2.1611585624230014,
    9.96073299807962,
    3.671872926155601,
    10.581038805211595,
    1.1596569226865556,
    4.6938069853635085,
    5.683011111311123,
    0.8247406164176992,
    11.177507652312386,
    3.8127579496873754,
    3.1666768656314943,
    8.222703876120118,
    0.6515933293255056,
    9.419444392484534,
    5.269985642232266,
    2.3756712618233777,
    4.847413162978429,
    3.284375460015548,
    9.183117674124693,
    7.382419524001535,
    3.159778411947154,
    2.6568712737018356,
    4.436796228467994,
    0.7672532475269478,
    7.986225536931567,
    4.3352883397013136,
    5.454172620376397,
    1.862370666644374,
    2.4941264572398465,
    8.834730538505946,
    3.34382183853514,
    1.2287765018224046,
    4.821586848950528,
    7.430887392354156,
    6.518018488313791,
    3.1919097057726886,
    3.655173269054615,
    1.7230452811696926,
    5.705263569428655,
    4.748905309791389,
    8.678685655303411,
    1.5578174301350742,
    8.688100163056777,
    10.61442934974497,
    6.019195339408485,
    4.841468149612256,
    6.8762229551038585,
    5.815917222155327,
    1.4789336694917568,
    4.89134708882701,
    0.4724948496697358,
    3.0258284995024436,
    2.7223629971057144,
    10.439377538806188,
    1.4003944674146556,
    7.676595833306059,
    1.9081214312801464,
    1.1544474425773383,
    2.1643051554553323,
    6.983468006403257,
    3.0651380075250407,
    2.676089919902903,
    2.4554446929299836,
    4.937831998178185,
    9.980896381697237,
    4.476037367415095,
    0.24140211456665653,
    0.4555915592541899,
    6.858205226107246,
    5.588344074103412,
    1.5405816273603312,
    2.2417419267568786,
    4.151607220984717,
    3.156576091685718,
    6.805855118609714,
    0.0,
    3.0698739541402396,
    4.709724810250635,
    4.7437317810944055,
    6.224147094383695,
    4.916252897372567,
    3.3010773935719313,
    0.0,
    6.8381345922299355,
    5.046974996803718,
    5.642602942410836,
    4.602771421967462,
    0.0,
    9.130481493610956,
    7.847141811299201,
    2.789643700856605,
    4.459236445618378,
    1.6660611753569996,
    2.5159901204704824,
    5.208742311175551,
    7.120919370777814,
    1.2389117319674172,
    1.9347628044050609,
    5.181252005310162,
    1.6525508866638265,
    3.445404134322828,
    1.890072491499129,
    10.452815216712555,
    0.05531049728710968,
    7.305502396947837,
    7.700225875246251,
    0.02719812864446484,
    3.444340795940642,
    4.969675044819986,
    2.548881750126172,
    8.155758509105562,
    0.7459061404686703,
    3.648794105519979,
    6.872917516840281,
    6.95181461262616,
    4.997248320844254,
    7.761018079087896,
    5.27748382930007,
    7.4705597492595395,
    3.5147996344880013,
    2.5311494951942493,
    5.367821272738312,
    9.173027909217806,
    8.00287361381291,
    4.125728528219725,
    1.137819947472846,
    9.458758203176663,
    3.4936052445640833,
    10.08943212476607,
    0.798592582298805,
    9.220291079740736,
    2.5071736208892648,
