{
  "data_file": "data/tsp200_test.txt",
  "checkpoint": "checkpoints/discrete_ddpm_gated_gcn/best.pt",
  "mode": "discrete_ddpm",
  "encoder_type": "gated_gcn",
  "decoder": "merge+2opt",
  "inference_steps": 20,
  "n_samples": 1,
  "n_total": 200,
  "n_valid": 200,
  "avg_gap": 6.54446433527215,
  "std_gap": 1.7867685756162184,
  "best_gap": 1.8767458547788631,
  "worst_gap": 11.639012166974712,
  "valid_rate": 1.0,
  "avg_infer_ms": 5607.974371910095,
  "all_gaps": [
    4.496108875223932,
    5.2778296082212215,
    6.492381999600689,
    5.965067250508655,
    5.974609398372266,
    4.982622511306394,
    5.256057036807252,
    7.294371963460569,
    5.27294756886824,
    7.741053273019373,
    4.636656264111598,
    7.789492502032375,
    5.401273966025976,
    6.537466591876429,
    8.064136847592728,
    8.333736827764287,
    7.224793087727812,
    9.542906236364018,
    6.830849449872217,
    6.803808698463136,
    4.878031926223883,
    5.175038707117242,
    4.503080484486605,
    7.351102461173042,
    6.826480133818888,
    8.252280905688277,
    5.72078360471993,
    5.949963827291647,
    6.42164516156052,
    4.833037676403016,
    7.7439038706587695,
    7.461994770838104,
    5.723467322656369,
    7.632829262791588,
    7.750086935376512,
    6.5022743071366325,
    6.45412635234395,
    4.385717947658953,
    5.529970224293322,
    7.08721566287002,
    6.894874340325295,
    5.6173474931174825,
    8.204809117500952,
    3.7379096594823706,
    8.075998396227616,
    4.8940613808341755,
    6.952026521814858,
    5.677618560679833,
    5.331013187511183,
    5.7119163697472874,
    5.328482078672353,
    5.159419574596258,
    9.898084965099075,
    4.022216575407627,
    10.586493098175112,
    6.5628335178531145,
    7.000257307665168,
    5.773864813059,
    7.358384097011289,
    6.721144298423691,
    2.724198353923945,
    5.824028499979081,
    8.911529142095837,
    10.1939639727462,
    7.688109708769166,
    6.387211593255361,
    5.769730815546024,
    7.120486588838408,
    6.711031366039641,
    5.790479063405918,
    10.187945516696585,
    6.020717737431392,
    7.121243632591341,
    6.457717614895173,
    5.370363634472926,
    6.090839824764623,
    8.004098667600516,
    4.487235712453008,
    4.1815603048127725,
    4.99295270284661,
    4.263665921106859,
    5.412265437071586,
    6.202961469147368,
    6.126171060242379,
    2.4999539551352417,
    4.4155749159167925,
    5.633555117642818,
    4.621689698686043,
    7.3181897837095224,
    6.1257674147904595,
    5.119478427410883,
    9.808852069560094,
    8.662089373246404,
    3.1889484678484123,
    6.365941162744271,
    7.337773825432578,
    3.8617429209178855,
    10.092746718868908,
    7.315736598495704,
    3.399898170524253,
    6.430024290509005,
    5.048798842669772,
    3.456186948973746,
    7.094648346249732,
    5.608776795809497,
    10.789402894924253,
    6.921612242575277,
    4.006521452731207,
    4.8593680237370345,
    9.062489822569107,
    5.962518387462412,
    4.2563228482861035,
    4.773509498309145,
    7.759033553631148,
    11.639012166974712,
    5.157741680212499,
    6.53810121886572,
    6.504295992048231,
    6.539554829203569,
    7.651649303734236,
    6.3276841385042015,
    7.687595207819582,
    6.413358645215336,
    5.62679206733555,
    6.2209754004235,
    8.595314636002804,
    9.527351554709352,
    6.350936724073023,
    3.954117759440829,
    6.103959358733672,
    8.449334344881144,
    6.113797554795682,
    11.28824901251754,
    6.211130035379757,
    5.365742905132581,
    6.740423965939069,
    8.605274089115204,
    5.206194557644386,
    7.2183903658795066,
    3.9702817327752373,
    4.385330738094013,
    8.140991689498819,
    5.581831911709124,
    1.8767458547788631,
    8.198384791545722,
    6.706095117136752,
    8.007656306368734,
    8.572871325153917,
    3.493762994883016,
    7.072677468720534,
    7.249643892313751,
    4.60781597245532,
    6.202322951171277,
    5.188692326864718,
    7.03312479558253,
    8.003975291600947,
    9.323586680465489,
    4.929498316330155,
    8.520194163010789,
    7.598456166261956,
    5.8604313362641385,
    4.861796476612574,
    7.3952735482503185,
    7.085773067340032,
    8.993997360025821,
    5.607264651409276,
    6.941899493670609,
    8.467252830500447,
    11.410730708646067,
    6.959895515525203,
    4.074289114999571,
    5.654588795844949,
    5.385329941029191,
    7.0887166736595395,
    4.879280675978811,
    5.610559982338397,
    5.725577606035521,
    9.377170665072262,
    4.797628927977623,
    10.301629571131379,
    5.29150799457736,
    5.928884178844944,
    8.241982953297104,
    7.101154165892809,
    8.035953955227448,
    9.306721062411397,
    9.064929726637192,
    10.47354566449882,
    5.586476905958684,
    7.418640720694722,
    7.042662035658759,
    6.987966094866711,
    7.789907996292507,
    7.065790519206579,
    5.793862102912983,
    4.373091139496858,
    6.4463733933817835,
    8.875804513833401,
    4.65715060342418,
    6.782838618069707
  ]
}