{
  "data_file": "data/tsp500_test.txt",
  "checkpoint": "checkpoints/discrete_ddpm_gated_gcn/best.pt",
  "mode": "discrete_ddpm",
  "encoder_type": "gated_gcn",
  "decoder": "merge+2opt",
  "inference_steps": 20,
  "n_samples": 1,
  "n_total": 100,
  "n_valid": 100,
  "avg_gap": 8.145875495567841,
  "std_gap": 1.3553877645531374,
  "best_gap": 4.463471718062931,
  "worst_gap": 11.020726991295072,
  "valid_rate": 1.0,
  "avg_infer_ms": 50965.299751758575,
  "all_gaps": [
    7.760689099449331,
    10.084091336189067,
    7.350013187512096,
    9.556153965017414,
    6.888071259762983,
    10.326420101814042,
    7.282140430739357,
    8.932218523518085,
    7.57615989658065,
    8.082977553960761,
    10.694265088764622,
    8.005539929408751,
    8.47535495878809,
    6.95873102397264,
    8.445025452466579,
    7.562840050120878,
    9.027572738527581,
    7.6318006594921535,
    10.099529885298477,
    9.03428697483865,
    9.427514278999706,
    7.931424306989123,
    8.04459284773748,
    5.48276073738077,
    8.353857960215565,
    8.525210829125841,
    7.871362887161852,
    8.890649239255065,
    7.453256985200589,
    9.249973577238361,
    8.068858110655462,
    4.463471718062931,
    8.047064130569947,
    10.500759807082535,
    8.14475432059768,
    7.0069570431318144,
    9.200168523858977,
    9.120914497377298,
    7.886010659547223,
    7.952360783448713,
    9.042799960212934,
    7.535836960171993,
    6.141715434721129,
    6.771024749547417,
    9.100697195953238,
    10.182282631531187,
    9.734478240360229,
    8.712433774744992,
    8.840790173583105,
    6.426940248149558,
    8.587822008869594,
    9.369840444700015,
    6.7342628020106305,
    8.176360646584396,
    10.24752855781578,
    6.804714606716342,
    9.527965864299215,
    7.132180905497762,
    9.550292595319993,
    8.21045369703835,
    9.964728961583573,
    7.406939595771698,
    6.564301165841605,
    8.08137355423445,
    5.378094876706207,
    9.46121011764101,
    6.992809609840868,
    6.6647760684486785,
    11.020726991295072,
    6.195426022824268,
    10.890094231762285,
    10.565339228374425,
    7.273776104792456,
    7.084875659914097,
    8.804061138711544,
    8.41809639357036,
    8.84303923524984,
    7.659339421709014,
    7.437865734718549,
    8.390524688932333,
    7.399670227881448,
    6.112031867428616,
    7.564708409273137,
    7.54229635970918,
    6.485294020406293,
    6.951572132302926,
    4.9247373009145505,
    7.422400820269108,
    8.97597377332068,
    6.922475160706755,
    8.057049003143494,
    7.379434438283998,
    8.417935497286225,
    8.952385140438052,
    5.919580744302728,
    6.985494702433703,
    9.909726290934616,
    9.64325637779012,
    8.128918788054511,
    9.568982842294886
  ]
}