{
  "data_file": "data/tsp20_test.txt",
  "checkpoint": "checkpoints/flow_matching_gated_gcn/best.pt",
  "mode": "flow_matching",
  "encoder_type": "gated_gcn",
  "decoder": "merge+2opt",
  "inference_steps": 20,
  "n_total": 500,
  "n_valid": 500,
  "avg_gap": 2.2458232464286976,
  "std_gap": 2.9377328376297402,
  "best_gap": 0.0,
  "worst_gap": 18.26966255585386,
  "valid_rate": 1.0,
  "avg_infer_ms": 136.77304458618164,
  "all_gaps": [
    0.7213890371926117,
    0.0,
    1.5404217118795385,
    0.0,
    2.912429273268564,
    0.0,
    5.293922110572705,
    3.2352552430174937,
    0.31365345442281206,
    0.0,
    5.253934423349767,
    0.0,
    6.757443554215535,
    0.0,
    0.0,
    0.0,
    0.0,
    3.3018480481424355,
    4.786145472142797,
    2.518425176756555,
    0.0,
    0.3875074252775207,
    11.39902626154952,
    3.2727840486488136,
    0.6332877859537289,
    1.5677233117715232,
    0.0,
    0.8599127014199404,
    0.0,
    1.8036328520322855,
    0.0,
    0.0,
    7.384084586681326,
    0.0,
    3.1600574422972696,
    7.111526150476657,
    3.3941098830906467,
    0.0,
    3.10115267388765,
    0.0,
    0.0,
    3.6556533257549777,
    3.8793651547677244,
    0.0,
    0.0,
    0.0,
    0.0,
    4.487170461211783,
    2.3797072358921265,
    0.6730204725290987,
    2.0104789395007225,
    7.058639591445956,
    2.1945107022745254,
    0.942153575703301,
    0.13182968475816892,
    0.0,
    5.887609864112232,
    5.710357116449296,
    1.7801217820181015,
    1.5489051238742146,
    6.170354057595882,
    12.486567024080628,
    2.906941825632855,
    3.38366673819265,
    7.756290021729871,
    0.07870362367664185,
    4.071969045281638,
    5.358607330894561,
    0.0,
    12.644973693063982,
    0.14926876980100248,
    2.7268291861518397,
    0.0010218262737964894,
    0.6067985882253005,
    0.0,
    0.0,
    0.0,
    2.492278065050528,
    1.4574841873878488,
    0.0,
    0.0,
    3.420480063876645,
    11.096252640370768,
    1.6510898047621996,
    9.358763321611454,
    0.0,
    0.0,
    8.440879911291864,
    0.0,
    0.0,
    0.09416406315603029,
    0.0,
    0.0,
    9.460043081755986,
    0.0,
    2.4320086481951018,
    0.5017531052488403,
    0.0,
    5.921464123565136,
    0.878417424569564,
    0.0,
    1.492366530001172,
    9.528848888943902,
    0.0,
    5.515816716325826,
    0.0,
    0.0,
    0.12057636502311815,
    1.849983079425372,
    0.0,
    7.627917934123328,
    2.2501230846785596,
    6.52313068557956,
    0.395168135248421,
    2.233729950185666,
    0.0,
    0.9401309573059183,
    0.0,
    0.0,
    3.2016914240672016,
    0.0,
    0.0,
    4.826573104029061,
    0.0,
    0.0,
    2.075684759142672,
    1.378890399112889,
    5.088219702745644,
    0.0,
    3.238743063578881,
    0.7167834590808817,
    0.0,
    11.398963395049577,
    0.0,
    14.116071313835793,
    2.4242540163560413,
    2.02813016656801,
    2.26660228409135,
    0.0,
    0.0,
    7.237890079107827,
    0.0,
    6.635786978213158,
    5.291003245723342,
    3.7006100260794894,
    2.8983147587755624,
    3.3337568960269897,
    5.665241976988735,
    0.4068775578618902,
    11.341469987308498,
    0.0,
    0.16039697130234204,
    0.0,
    0.0,
    3.0234961421167825,
    0.0,
    5.970281956127154,
    0.7135411162266647,
    3.732021294493844,
    1.9519330656371348,
    1.155195568550605,
    2.124771034272582,
    0.431935959052941,
    2.8424694251002904,
    2.053032878852613,
    0.0,
    2.59923353967328,
    0.0,
    0.5706295790684769,
    1.1397515885952565,
    12.993174898558365,
    0.9051554674337989,
    0.0,
    4.579657476667989,
    0.2323573767662891,
    0.0,
    3.1508967569293356,
    0.0,
    3.3642473678965916,
    0.0,
    1.0250918837793481,
    0.0,
    0.0,
    1.0439896652620957,
    17.093866382632406,
    1.319483224922872,
    7.021494221149371,
    5.044985724144341,
    0.0,
    2.438796342584949,
    0.0,
    0.0,
    0.9388090412246027,
    0.0,
    2.2713201017076488,
    2.068562541493461,
    4.003982272662758,
    1.0251571510563215,
    0.0,
    4.323248474368881,
    0.0,
    0.3655084974794204,
    0.0,
    0.0,
    0.586528251103112,
    6.617772676635185,
    0.0,
    7.090234800250451,
    0.5508408011929369,
    0.0,
    1.83231189621137,
    1.4390386477434327,
    0.0,
    0.0,
    10.200168240798313,
    0.0,
    2.5485320599319112,
    1.1017227730130694,
    7.130199099486818,
    0.48106341045117207,
    3.7063416915469265,
    6.2404896714422975,
    4.408516180773332,
    8.144960825941167,
    0.0,
    0.19265986098610843,
    3.5247951737836494,
    3.9190685352929564,
    2.412159786811849,
    0.15400791875269734,
    0.0,
    4.348398090867441,
    0.7992131682541908,
    0.0,
    1.6742336711514345,
    1.7696118711187523,
    1.2121336623537584,
    0.6734259093569434,
    1.8513658121551109,
    0.6331212591564741,
    5.960301604803539,
    6.853366386252811,
    8.757995931733191,
    0.0,
    5.345537495956846,
    1.5230455134817795,
    0.2279377768696963,
    0.0,
    3.361632539921348,
    3.078902063980419,
    7.253267233031775,
    3.0842337102817137,
    2.8014174462678123,
    0.0,
    3.536412201314268,
    0.0,
    3.6333154080045835,
    2.0675699079822545,
    2.1625130242052397,
    0.0,
    4.867525999433603,
    6.065022378857323,
    0.0,
    1.168991327775746,
    0.0,
    0.0,
    1.8889932028455994,
    1.5194576705576663,
    0.22941234621267256,
    4.749395976794502,
    8.327532199978467,
    3.594090019929714,
    3.0395157204298773,
    2.250871558283434,
    1.7125813234034326,
    1.020878239498585,
    0.24035623175800783,
    4.312954200674207,
    1.7687272195699562,
    0.0,
    5.93075136839375,
    1.7848245573047747,
    2.594853262426304,
    0.0,
    2.4845545224972567,
    6.707246742211595,
    0.0,
    4.727239460991963,
    4.031340113327056,
    0.9822563844487481,
    3.835790769419157,
    1.849789468424837,
    0.0,
    0.0,
    4.466459750069983,
    0.0,
    5.271205476077504,
    8.685575105114065,
    0.0,
    0.0,
    1.8754635229072791,
    1.1030346371764326,
    2.044210005101958,
    1.350305041903666,
    0.1560752288673974,
    7.218431196022851,
    0.0,
    0.0,
    7.313356835528549,
    0.0,
    0.0,
    11.206659385843333,
    5.685029723479138,
    3.555312085971365,
    0.0,
    2.5225476369935826,
    0.0,
    4.352589330747225,
    0.007012543318174285,
    2.9136302260555276,
    0.0,
    0.13937495675403197,
    2.33647460649873,
    4.728105312906061,
    0.07316084797126725,
    2.709727173210078,
    9.418741503344851,
    2.0836600407962975,
    0.0,
    0.0,
    1.2438632035484862,
    0.0,
    2.891122388722862,
    2.129207064298602,
    0.0,
    0.0,
    2.6006713436231723,
    1.5849468933712987,
    0.0,
    1.0124886898870578,
    18.26966255585386,
    2.495735411499703,
    4.046991448442759,
    0.0,
    0.9078069280419997,
    0.5600019765346502,
    0.0,
    0.0,
    0.0,
    0.6088684207424575,
    0.6916271109031892,
    0.0,
    1.745361780831823,
    0.2218940876487086,
    0.13166628951243972,
    0.0,
    0.0,
    5.743798850264086,
    0.7333841527715834,
    1.802167875615304,
    3.781096885835322,
    0.0,
    0.0,
    0.0,
    0.0,
    4.753146752328085,
    1.0979302843098986,
    0.1732842471692936,
    3.373341155628377,
    3.2040161815250308,
    0.6640066525649617,
    0.26124985946545787,
    4.550804669943402,
    0.0,
    0.0,
    10.406079824291945,
    0.3065278900291553,
    0.0,
    3.1043316298633905,
    4.356447373766035,
    1.8066944233707642,
    6.787765258783433,
    0.0,
    0.6321520963679141,
    0.0,
    2.327890165548321,
    0.0,
    1.619359724421506,
    7.962167816521765,
    0.0,
    0.0,
    9.772727554553438,
    1.146040098031823,
    2.3962626036650616,
    0.40471654772043725,
    1.17136316394903,
    1.4212259294278031,
    0.0,
    1.0453405147151609,
    0.0,
    4.6797703705631095,
    2.932904627859222,
    0.0,
