{
  "data_file": "data/tsp20_test.txt",
  "checkpoint": "checkpoints/discrete_ddpm_gated_gcn/best.pt",
  "mode": "discrete_ddpm",
  "encoder_type": "gated_gcn",
  "decoder": "merge+2opt",
  "inference_steps": 50,
  "n_total": 500,
  "n_valid": 500,
  "avg_gap": 1.5359263404101138,
  "std_gap": 2.230395423653585,
  "best_gap": 0.0,
  "worst_gap": 12.486567024080628,
  "valid_rate": 1.0,
  "avg_infer_ms": 377.88839292526245,
  "all_gaps": [
    0.395427187703517,
    0.0,
    2.272152644286762,
    0.0,
    4.397287723078507,
    0.0,
    0.18662741443352185,
    0.6141066182986756,
    1.556255981302655,
    0.0,
    2.4160732103271068,
    0.0,
    0.3726045550614577,
    3.612169658322296,
    0.0,
    0.0,
    0.3949117193068457,
    0.0,
    0.3659316855060596,
    3.6238603114022125,
    5.342506575342254,
    0.3875074252775207,
    0.0,
    0.428217279234393,
    0.6332877859537289,
    0.0,
    4.015806916833187,
    0.0,
    0.0,
    0.0,
    0.0,
    0.0,
    4.029344962859003,
    0.0,
    3.847325154372115,
    0.0,
    3.3941098830906467,
    0.0,
    0.5114864025496957,
    0.0,
    1.050921886533699,
    2.0505784784574486,
    2.35650655166711,
    0.0,
    1.751578581689626,
    1.9625417163234393,
    0.0,
    0.0,
    6.577883861964668,
    0.5494722982687791,
    0.0,
    0.0,
    1.2744756055874487,
    4.2433311824783635,
    0.9749269622581335,
    0.0,
    0.0,
    0.0,
    1.0325100860301872,
    2.5146229335435746,
    0.0,
    12.486567024080628,
    0.036102119072527014,
    0.0,
    6.498588262636297,
    0.3512752168819694,
    0.0,
    2.9570347430450767,
    0.0,
    0.287452612197524,
    0.14926876980100248,
    0.8475100223147349,
    2.357572403432125,
    0.6067985882253005,
    0.0,
    0.0,
    0.0,
    1.1183346853475122,
    0.0,
    0.0,
    0.0,
    0.3401464797526197,
    0.0,
    0.23754977572564637,
    3.1146104964977046,
    0.0,
    1.7734582436850448,
    0.0,
    0.0,
    1.8780780655078373,
    0.09416406315603029,
    0.0,
    8.650535624602236,
    3.074911453464621,
    9.779137791361908,
    0.3068180284186325,
    7.447192860797798,
    0.0,
    0.0,
    0.010654392927334218,
    0.0,
    0.755617863071629,
    0.21950409828418652,
    0.0,
    4.370352267760923,
    0.8793666259301463,
    0.0,
    0.12057636502311815,
    7.592183755859098,
    0.0,
    7.627917934123328,
    0.7078718369732647,
    0.0,
    0.0,
    2.233729950185666,
    0.7061157117413808,
    0.9401309573059183,
    1.7682304720276307,
    3.6994608016698525,
    3.744728672541435,
    0.0,
    0.5574840775023855,
    0.0,
    0.0,
    0.3390395211742142,
    2.9862031617026115,
    1.378890399112889,
    0.0,
    0.0,
    0.9711492835364105,
    7.4942678200552075,
    0.0,
    0.0,
    2.1914174185517816,
    6.446608570631731,
    8.501543959207414,
    7.176353799002028,
    2.26660228409135,
    5.530348566836838,
    0.0,
    3.6575899797183697,
    0.0,
    6.635786978213158,
    3.781290075585833,
    0.0,
    0.0,
    0.0,
    3.5629993865317977,
    0.4068775578618902,
    0.0,
    5.490651228442712,
    3.641789632080731,
    0.0,
    9.82069646786746,
    3.0234961421167825,
    1.439107276110148,
    0.0,
    0.0,
    3.732021294493844,
    0.0,
    2.7435513304437134,
    0.0,
    0.431935959052941,
    3.178728954343888,
    3.499129447132233,
    0.0,
    0.0,
    0.0,
    3.63333105748787,
    7.85914996688169,
    0.7904769284350424,
    0.9051554674337989,
    0.9597570671183031,
    0.0,
    0.9294029981980281,
    0.0,
    0.0,
    0.0,
    1.9460885723540309,
    0.0,
    1.0250918837793481,
    0.0,
    0.0,
    1.6717237923791084,
    3.072854856195719,
    4.4978176770684914,
    7.021494221149371,
    1.2550637971743421,
    2.3209949422050427,
    0.0,
    0.0,
    0.0,
    0.3061296179150341,
    0.0,
    1.6212524992919124,
    2.068562541493461,
    0.0,
    1.7441584142850246,
    0.0,
    1.9387422612555465,
    0.0,
    0.0,
    5.013416825551798,
    0.0,
    0.586528251103112,
    0.0,
    3.5303885732433398,
    0.0,
    0.0,
    0.0,
    8.260436834359528,
    0.0,
    0.0,
    0.2648925805057401,
    2.4522776991636084,
    1.7934607635893152,
    3.935621509040356,
    0.768025900491844,
    3.1872550067490533,
    2.481504502543413,
    0.0,
    4.172518972747893,
    0.32388933848500373,
    1.1093696432166364,
    0.0,
    0.0,
    2.0583659045147162,
    3.0021868361653254,
    6.624559775888189,
    10.289213472776455,
    0.0,
    5.482638911172414,
    0.7992131682541908,
    4.425112434854095,
    1.6742336711514345,
    0.0,
    0.48896184542783633,
    2.3416245460882075,
    1.69001837867841,
    3.9097213222509253,
    4.4197343508110745,
    0.0,
    0.7137210077374545,
    2.30271193913086,
    0.0,
    1.5230455134817795,
    0.0,
    0.0,
    0.0,
    0.0,
    3.1451375328208457,
    3.0842337102817137,
    0.1892767815878775,
    0.6722437375012498,
    3.536412201314268,
    0.0,
    0.0,
    0.0,
    1.5523289753433323,
    0.0,
    1.248635589410975,
    3.580394642005798,
    7.8903866364729165,
    0.0,
    1.4944032046740137,
    0.0,
    1.8889932028455994,
    0.20492269000028382,
    0.24274932530518892,
    5.568121938838704,
    2.8115899538221405,
    0.2708056044189536,
    0.7189786809706836,
    3.4356038897736862,
    4.477338935213557,
    1.020878239498585,
    0.40959424564380487,
    4.312954200674207,
    0.0,
    0.0,
    3.2267215054240213,
    0.0,
    2.2415234275431746,
    0.0,
    1.5136641272136988,
    0.0,
    7.15191513256274,
    0.4666044319811752,
    0.0,
    0.9822563844487481,
    5.693743528643645,
    0.0,
    0.0,
    0.0,
    5.844972891736592,
    0.0,
    5.271205476077504,
    0.0,
    0.0,
    8.490519892086349,
    0.0,
    1.6102293017169564,
    0.0,
    0.0,
    0.1560752288673974,
    2.1656334581558165,
    0.0,
    0.0,
    0.10961181594125921,
    0.059587875199105696,
    0.0,
    5.1727185058855705,
    2.490216657170403,
    1.2791294290485415,
    0.0,
    0.0,
    0.0,
    4.352589330747225,
    0.0,
    2.854869289732217,
    0.0,
    1.7697013436162008,
    2.33647460649873,
    4.693211202963215,
    4.0112028108860285,
    9.959509184541716,
    0.0,
    0.0,
    0.0,
    3.101383990429196,
    0.0,
    0.0,
    2.751324174512629,
    4.6889656112385625,
    2.357652537344428,
    0.0,
    3.707982024042732,
    0.9403771419496115,
    3.3022318292014776,
    1.4663181089020165,
    0.0,
    0.0,
    4.046991448442759,
    0.49254322652575333,
    4.145629966268804,
    5.136072287913087,
    0.0,
    0.0,
    0.0,
    0.020304840573052964,
    0.6916271109031892,
    0.0,
    0.0,
    6.305295933268136,
    0.13166628951243972,
    0.0,
    0.0,
    0.0,
    0.7333841527715834,
    0.7514568845929772,
    6.785718221769735,
    2.9968899425207116,
    0.0,
    0.0,
    0.0,
    1.01773302875796,
    0.11608015481674434,
    0.1732842471692936,
    0.0,
    0.0,
    0.0,
    2.681185551610632,
    0.0,
    3.500351754891937,
    0.0,
    2.8220860735345346,
    5.645685831396461,
    0.0,
    0.0,
    0.0,
    1.8066944233707642,
    0.0,
    0.0,
    0.3948615354854166,
    0.2040805698392719,
    1.6149038946318721,
    1.2160765853029818,
    0.5633478692875542,
    0.0,
    0.0,
    0.0,
    0.0,
    1.2954619896195094,
    0.7345069758482844,
    0.40471654772043725,
    0.0,
    1.4212259294278031,
    0.0,
    0.0,
    0.0,
    3.4696599156511403,
    0.03379054655280185,
    0.1032643291854683,
    6.599910639378442,
    3.524434337496609,
    1.8568287673479595,
    7.4927735742816415,
    0.7446905468064419,
    4.553758995561401,
    4.229755758382101,
    4.370088223759167,
    7.374321983841743,
    0.0,
    0.0,
    0.0,
    0.0,
    0.0,
    0.0,
    0.2393180610782137,
    0.0,
    0.16460555496401666,
    3.6026982623379755,
    4.078779296938391,
    0.0,
    0.8481372191485784,
    3.891702517993462,
    1.938127530399135,
    0.0,
    0.0,
    1.0955340114717735,
