{
  "data_file": "data/tsp20_test.txt",
  "checkpoint": "checkpoints/continuous_ddpm_gated_gcn/best.pt",
  "mode": "continuous_ddpm",
  "encoder_type": "gated_gcn",
  "decoder": "merge+2opt",
  "inference_steps": 50,
  "n_total": 500,
  "n_valid": 500,
  "avg_gap": 2.9073817170071914,
  "std_gap": 3.5175720732380635,
  "best_gap": 0.0,
  "worst_gap": 21.639228379904775,
  "valid_rate": 1.0,
  "avg_infer_ms": 346.40914487838745,
  "all_gaps": [
    0.0,
    0.0,
    0.8057111513996579,
    0.0,
    10.273709106824327,
    5.0569170225682285,
    7.939979563093669,
    2.08433342838961,
    6.9284625805216935,
    0.0,
    11.464557003533937,
    0.0,
    0.0,
    0.0,
    0.0,
    0.0,
    0.0,
    2.938831050985162,
    1.981382116361734,
    1.0726223887247106,
    1.6860105482638987,
    0.0,
    0.0,
    0.5756354122358829,
    8.822686133550702,
    0.6556750035334464,
    2.4015982196358436,
    1.4829540153815677,
    0.0,
    2.3269299796585856,
    8.58038531401817,
    0.0,
    7.442930916531587,
    0.0,
    3.847325154372115,
    0.0,
    0.0,
    0.0,
    2.7035727788670103,
    1.6260840215251662,
    0.6743521620235007,
    6.394614259559983,
    4.788234711712546,
    0.0,
    0.6215910478997916,
    0.4507844303214557,
    3.068810997024445,
    0.0,
    3.090057416453452,
    0.0,
    3.5591488854599103,
    0.0,
    4.256010864103956,
    4.047290055419774,
    0.13182968475816892,
    0.8347869578563211,
    5.887609864112232,
    0.7747113533574915,
    0.4203653667855666,
    1.5489051238742146,
    1.3143441184094025,
    1.387428454801003,
    2.5038085142510638,
    6.457383850983881,
    6.817889851006615,
    0.3512752168819694,
    3.7606409384189807,
    2.9570347430450767,
    0.0,
    3.029395753328194,
    0.14926876980100248,
    2.9314076209429336,
    0.1794648647516762,
    1.5558737040915858,
    0.0,
    1.6233956833775127,
    9.131923047803246,
    0.9976226242848444,
    1.4574841873878488,
    0.0,
    16.749279500783828,
    6.056053177459923,
    4.207770873144813,
    1.6510898047621996,
    5.505895825458358,
    0.0,
    3.782258513941813,
    5.627976272618581,
    0.0,
    7.603709729949378,
    0.09416406315603029,
    0.0,
    0.0,
    1.6171601644999714,
    1.2732162247868963,
    2.4320086481951018,
    5.868273068381314,
    0.0,
    8.019552338140578,
    0.0,
    11.574448668905953,
    0.0,
    1.9221230306897443,
    0.0,
    6.727675973858438,
    0.0,
    0.0,
    5.696889667505007,
    6.070002027488696,
    2.9567705171342196,
    6.555968523238666,
    0.7078718369732647,
    4.584673987366185,
    0.395168135248421,
    2.233729950185666,
    0.7730999174077814,
    0.9401309573059183,
    4.53225292745455,
    6.3147422298404114,
    0.0,
    1.672918674250139,
    0.0,
    13.48038031480657,
    0.0,
    2.9372713681298688,
    3.3853706408253372,
    0.0,
    0.0,
    16.20349235934946,
    1.2258118862094805,
    0.0,
    0.0,
    0.0,
    1.6714904764442147,
    0.24272000361686233,
    2.9302003944392796,
    7.176353799002028,
    3.5374790583005513,
    5.408688241475789,
    0.0,
    1.678315910959494,
    4.140739650175896,
    1.7251485154220023,
    0.0,
    0.0,
    2.8983147587755624,
    3.1430132291220727,
    0.0,
    7.001935854550665,
    0.0,
    5.91160865482923,
    2.373716266234221,
    0.0,
    5.896795358395334,
    9.88559783811004,
    14.191164629686451,
    2.621523647283879,
    0.0,
    3.732021294493844,
    2.0480397289094796,
    8.307698124017938,
    3.0332126983202725,
    0.431935959052941,
    2.638021718630164,
    0.0,
    0.027025773617892226,
    2.59923353967328,
    0.0,
    6.363941132287221,
    5.00405704021501,
    0.7904769284350424,
    7.005999059676769,
    0.9597570671183031,
    2.374723325124153,
    1.028185721300499,
    0.0,
    5.298011025067185,
    4.454598091530163,
    5.310335940250622,
    0.07884950914283673,
    2.3935837252308856,
    7.116149167845156,
    0.763277528963816,
    2.710262308945031,
    13.235421111786245,
    5.986811784094851,
    8.400383488983659,
    0.7760895177436536,
    15.378406053030083,
    0.0,
    1.2208765607961638,
    0.0,
    1.0628345791392475,
    0.0,
    1.182820530520644,
    13.804382457206785,
    3.331066272079244,
    7.711185681854148,
    6.674456985239975,
    1.9387422612555465,
    0.0,
    0.3655084974794204,
    0.0,
    5.844187609098868,
    0.586528251103112,
    6.617772676635185,
    0.053568006881661884,
    0.0,
    0.0,
    5.228966980017555,
    1.83231189621137,
    2.9238504897667066,
    0.0,
    2.3038743756472666,
    4.035429141849647,
    2.6784731255797793,
    1.9457700240237161,
    0.0,
    8.203440963373573,
    13.615935478166138,
    18.331393094138942,
    0.0,
    0.32388933848500373,
    1.1093696432166364,
    11.350437030410687,
    0.07004170377348888,
    3.452846244881006,
    0.0,
    8.0561341961709,
    1.036295526498016,
    8.093049951709798,
    5.482638911172414,
    0.7992131682541908,
    0.0,
    9.912477730084074,
    10.335142577854553,
    1.9366635567118686,
    1.952647090961334,
    6.517004798843258,
    0.6331212591564741,
    5.358929250875429,
    2.0543421757734857,
    0.0,
    0.0,
    0.0,
    1.5230455134817795,
    0.0,
    0.0,
    5.479188760764626,
    3.078902063980419,
    5.373911424865847,
    3.0842337102817137,
    2.4831492471725793,
    5.335484563196306,
    4.239825326804092,
    0.0,
    3.055825704029433,
    2.0675699079822545,
    0.0,
    0.0,
    3.2320647825758395,
    1.1689327034167454,
    2.661281515711066,
    1.168991327775746,
    0.0,
    3.5284299917179025,
    1.8889932028455994,
    9.865034591440223,
    0.0,
    3.338917377762169,
    4.604219356919721,
    3.594090019929714,
    0.0,
    3.4356038897736862,
    1.9228718073387976,
    0.0,
    0.40959424564380487,
    0.0,
    6.644930555398014,
    0.5320058014248636,
    0.0,
    0.0,
    3.1696102638397052,
    21.639228379904775,
    1.5136641272136988,
    0.0,
    7.15191513256274,
    5.825611481036538,
    3.811570588573775,
    0.0,
    4.898989188553557,
    1.849789468424837,
    0.6961408075474321,
    4.889006588094212,
    10.451106692894292,
    0.0,
    3.7068559665406897,
    0.0,
    0.0,
    0.40555486238447214,
    3.8859304591724855,
    1.6102293017169564,
    0.0,
    5.193110199912544,
    0.818951313756158,
    6.160399273597636,
    0.0,
    0.0,
    7.4773231592968905,
    0.059587875199105696,
    6.547202691136131,
    0.0,
    4.899528663653731,
    0.0,
    0.0,
    7.862183659994397,
    8.421545276084268,
    5.6457971590064675,
    0.0,
    6.471182085905639,
    2.210444087231327,
    0.0,
    5.738699061947618,
    0.6505360361481906,
    2.737090147747332,
    2.5770767703879005,
    0.7712599772962335,
    0.0,
    0.0,
    3.101383990429196,
    4.936285062732814,
    1.4693203064680347,
    0.0,
    0.0,
    1.6472633024783432,
    13.064935090143099,
    1.7816282925284352,
    0.5116827811042322,
    4.270953015780619,
    1.4663181089020165,
    0.0,
    6.006143331903174,
    5.201816464697393,
    3.2137632462335834,
    3.8862481048919086,
    5.721588596655867,
    0.6323994444863273,
    0.0,
    0.0,
    0.7287642595071055,
    0.6916271109031892,
    0.5788799082790367,
    1.74155487433831,
    7.001169354111377,
    0.13166628951243972,
    0.0,
    2.942584070413398,
    0.0,
    0.0,
    3.822809919258578,
    5.628650415827264,
    0.0,
    0.0,
    3.692879351174473,
    0.0,
    11.539139998198996,
    7.840884977609291,
    7.6375522052607625,
    0.0,
    8.647614330498584,
    14.167721573767517,
    2.419935692145174,
    2.888298709199761,
    2.646602242143021,
    1.9634608521960923,
    0.31182975535091856,
    0.3065278900291553,
    4.741178737585425,
    2.763177999489184,
    4.356447373766035,
    4.791197958506064,
    6.787765258783433,
    0.0,
    0.3948615354854166,
    0.0,
    0.0,
    1.162873372156657,
    0.0,
    0.0,
    7.5457508938659865,
