{
  "data_file": "data/tsp200_test.txt",
  "checkpoint": "checkpoints/flow_matching_gated_gcn/best.pt",
  "mode": "flow_matching",
  "encoder_type": "gated_gcn",
  "decoder": "merge+2opt",
  "inference_steps": 20,
  "n_samples": 1,
  "n_total": 200,
  "n_valid": 200,
  "avg_gap": 6.463847530746294,
  "std_gap": 1.6631618533230772,
  "best_gap": 2.975803462348978,
  "worst_gap": 10.914349862247532,
  "valid_rate": 1.0,
  "avg_infer_ms": 6064.471839666367,
  "all_gaps": [
    8.726565650108094,
    7.086416485761066,
    3.1685478083899086,
    8.535146217545147,
    6.087543694993203,
    6.893331045723398,
    6.606683489679428,
    7.464558995367665,
    6.6783602222380845,
    4.199579961522931,
    6.071166723179031,
    7.727750693963786,
    5.297119105140919,
    8.55046473926968,
    4.3669987423298595,
    4.564688449236723,
    6.662526090795342,
    9.24823515898413,
    5.347096169489739,
    7.439563118456056,
    6.314184844892565,
    6.409568584764237,
    4.55615228486809,
    6.981620013012421,
    10.394604491866518,
    8.42414844343773,
    6.988472406202044,
    5.3173720351205285,
    9.21578431988596,
    5.0878292082076335,
    8.095440899361398,
    7.809055046075226,
    4.958410786177464,
    5.201065698390599,
    7.3302690505575665,
    3.028205525983599,
    7.996830928516043,
    3.6453038698304367,
    8.279982219130371,
    6.844040725937421,
    4.369502940740929,
    7.416736934710465,
    7.168314673405214,
    4.982811192342013,
    9.764188539916844,
    6.740554857937263,
    6.382215075668015,
    7.928933305890931,
    8.557594390007631,
    7.891786442720035,
    4.787258534944654,
    4.269523519879566,
    10.720450409290052,
    6.033013759363831,
    5.576783765005495,
    6.2927777315750015,
    4.6948296472433,
    7.376875835985089,
    7.277375254516666,
    6.313445816892925,
    5.014734218239283,
    5.314285592752039,
    7.392670545471692,
    5.166547150052884,
    6.088888791095382,
    5.187979120784723,
    5.30693125007304,
    7.45705773696101,
    6.002963042249024,
    6.513590376159348,
    6.444049206182304,
    8.181706498184859,
    3.5536154459254807,
    2.975803462348978,
    6.209923523435159,
    4.656235489522597,
    6.721834412784677,
    5.226469000993564,
    5.195820804798612,
    6.362563515967118,
    3.912109091596752,
    3.506951061082031,
    5.305688123247634,
    4.653849088099733,
    6.8102258767597235,
    7.0832481996410666,
    5.727342690879297,
    4.374355111820883,
    7.8060202105544665,
    6.315725439212501,
    7.1161272130333435,
    9.137317260274871,
    6.416110210881325,
    8.970366390063782,
    5.076218619521566,
    8.758786217125621,
    4.765328612535873,
    3.8850611800147536,
    10.647125147320175,
    9.301473784435121,
    7.13965412228428,
    8.163196356629667,
    7.51569026388897,
    8.91165839793985,
    5.227608352457194,
    6.462593052292337,
    5.50596717807658,
    7.607602885221031,
    7.513275608876146,
    7.132762903896257,
    7.160133797324013,
    7.252050640904045,
    5.241648151881365,
    9.60292059925203,
    5.9817540453566025,
    5.803688619875226,
    5.510259913343721,
    5.1169263375602325,
    6.457855724865025,
    5.386950755696828,
    8.93315940269874,
    6.78288483597453,
    6.240685199675189,
    5.896328190285876,
    5.9555792943530275,
    6.267950746093036,
    6.91609525156666,
    3.693952231025801,
    6.350307935209799,
    3.8728898701187737,
    7.7441470470159075,
    6.641607496590736,
    7.41523759320122,
    6.066042686098895,
    6.461907490296796,
    6.8079286347205255,
    7.533755602631133,
    10.503304703704334,
    5.346879796506885,
    5.528031110399588,
    6.953800315041833,
    7.983010543661008,
    6.718052531860284,
    6.90045058123086,
    7.132877758391229,
    7.059916739976714,
    7.676505248338872,
    7.13152833143048,
    5.8487432344582615,
    5.9545493943083905,
    7.493177266528208,
    5.183613316288192,
    3.115845733957413,
    6.5788521184039785,
    6.927918718821473,
    5.0565765688140285,
    5.748135568743947,
    4.757151994484034,
    8.422209482870175,
    4.307424249300077,
    7.5412525277653355,
    7.112707623635137,
    5.220395645137418,
    6.600017761421542,
    4.824569316446232,
    3.8505097448805334,
    4.535378065741393,
    3.794243320701941,
    10.583475108075227,
    10.914349862247532,
    5.384869492641594,
    8.249647480935353,
    6.594802416947967,
    3.705874530211782,
    6.291446941861597,
    6.940181833523037,
    6.89727844799278,
    8.416423684299085,
    3.8090841759715532,
    5.745344380726525,
    6.113293799833891,
    7.784527196798583,
    5.663447683045274,
    5.433201351673919,
    6.259292668742194,
    10.324598097701417,
    5.512870557133331,
    7.13083712321924,
    6.304924023441866,
    9.41796909293132,
    7.1533148624634375,
    7.1308761324469145,
    7.034852364806217,
    6.6880645007271395,
    4.2105811705037075,
    3.358177970289323,
    6.77426919835599,
    7.9790282074339105,
    4.535798619408051,
    5.655761359931401
  ]
}