{
  "data_file": "data/tsp500_test.txt",
  "checkpoint": "checkpoints/flow_matching_gated_gcn/best.pt",
  "mode": "flow_matching",
  "encoder_type": "gated_gcn",
  "decoder": "merge+2opt",
  "inference_steps": 20,
  "n_samples": 1,
  "n_total": 100,
  "n_valid": 100,
  "avg_gap": 9.59053640290079,
  "std_gap": 1.3371789081022347,
  "best_gap": 5.497195464696501,
  "worst_gap": 13.39714388394469,
  "valid_rate": 1.0,
  "avg_infer_ms": 51712.61590003967,
  "all_gaps": [
    9.819035103112537,
    9.43819288926989,
    8.375598645241201,
    8.95491217493462,
    11.574799284266863,
    7.3353173940794605,
    9.723552569386602,
    9.653885260022907,
    8.19349455795338,
    8.034210412987623,
    10.622049678071413,
    6.444802823488217,
    7.790208564632668,
    10.035322663643017,
    9.484221161939107,
    9.452765802358517,
    13.39714388394469,
    8.75383850460221,
    9.54191780604769,
    10.699129519608123,
    7.620839193462819,
    9.860184749194401,
    10.425891749287569,
    10.370150206531529,
    9.729895656388013,
    11.03317521982288,
    10.044317949333443,
    8.82260113227592,
    9.86791143681643,
    8.364137781765976,
    10.301882758449773,
    9.991452707904322,
    9.270409448075796,
    10.866893642526017,
    11.158889334056127,
    9.240832792737406,
    8.381570059726075,
    10.307299687426426,
    8.639929649644412,
    9.984923057990933,
    9.605839694611635,
    8.495370966573528,
    9.403177410765133,
    9.588346247849003,
    9.976237063108357,
    7.182195123400414,
    10.4821162792239,
    7.854540551129216,
    10.09733733301327,
    7.375165042138258,
    10.461362875440148,
    8.717807018232856,
    10.590235182944404,
    8.022251277237903,
    12.023012541885016,
    8.249181198465507,
    11.168187333323102,
    9.44761291432606,
    7.595352806136161,
    10.507334708612143,
    9.049524108564649,
    12.267016956323493,
    9.35674186128787,
    11.956641695023315,
    10.667344226676823,
    10.61369311527873,
    11.059990143308543,
    8.408772845302618,
    7.660035009307596,
    10.02907015610226,
    9.370340451901999,
    10.788460503384096,
    9.408830000031672,
    10.388858546375312,
    9.19614583028957,
    7.473693274496508,
    7.869631779711077,
    9.866504753064891,
    10.447401197810915,
    11.419141237696047,
    11.554006969363714,
    9.347114147371215,
    5.497195464696501,
    10.79701058522761,
    8.512859378279451,
    10.393275249657517,
    10.086566599229963,
    10.104215140906012,
    11.94919998771636,
    9.423913578891954,
    9.481304697965735,
    8.169253541510333,
    10.418491401618327,
    10.166364450902494,
    8.887599121812991,
    7.496643123132964,
    10.086521203749136,
    10.410747279987259,
    10.699053242295541,
    9.82421695240267
  ]
}