{
  "data_file": "data/tsp200_test.txt",
  "checkpoint": "checkpoints/continuous_ddpm_gated_gcn/best.pt",
  "mode": "continuous_ddpm",
  "encoder_type": "gated_gcn",
  "decoder": "merge+2opt",
  "inference_steps": 20,
  "n_samples": 1,
  "n_total": 200,
  "n_valid": 200,
  "avg_gap": 9.632123770570868,
  "std_gap": 2.1090008242380365,
  "best_gap": 3.3289543489432574,
  "worst_gap": 16.542874151518305,
  "valid_rate": 1.0,
  "avg_infer_ms": 7561.229465007782,
  "all_gaps": [
    13.676434592386496,
    10.350054348415357,
    9.756302890320896,
    7.136297068743916,
    7.087632311912281,
    9.475105548304748,
    12.15400203043176,
    9.720286896972661,
    15.414152976682862,
    9.409306601137361,
    10.4008996546889,
    9.484346228337555,
    7.7721957126369965,
    9.167614230578106,
    7.93106308097935,
    11.070740880207872,
    5.039217093296554,
    9.972156699423453,
    7.933520374573718,
    7.773195462902528,
    9.273770643664793,
    9.734511514188288,
    10.62600632774045,
    8.490545986572739,
    12.612687627039469,
    10.629909944297907,
    7.681521422270439,
    8.784938253453447,
    6.44663555056465,
    6.5972548070997075,
    8.071250678095145,
    10.27831975623219,
    7.815157568383192,
    8.625114783450485,
    7.56480914585298,
    10.130538458315359,
    10.352996730903632,
    8.632662841070172,
    11.480456321954712,
    8.015140082831339,
    8.925936388286653,
    10.909216006757532,
    11.698530152404068,
    6.747715795005917,
    11.035461585752635,
    6.752457672470164,
    8.795513514795337,
    9.690036014078377,
    12.152543082572677,
    10.055984397820485,
    10.665198666289431,
    9.519092003765332,
    9.021430619043148,
    8.456588371649792,
    11.471226846686175,
    6.000577749546846,
    11.22610383078847,
    10.881429042558434,
    10.233287904403161,
    13.067166863145149,
    9.954121323945152,
    10.52821129538833,
    15.579045364885893,
    12.191495034330204,
    7.352000968241391,
    13.5264842304065,
    8.439812448267478,
    9.332784984591946,
    9.575198269207016,
    9.322515159318941,
    8.237354215518948,
    6.843974039884185,
    11.874138352113334,
    8.462330107814447,
    5.932377470708777,
    9.815655879854905,
    10.630986453935941,
    8.862611927939183,
    8.615917818596653,
    9.697181420878552,
    8.327413486268807,
    11.767041790767777,
    9.375298328948794,
    10.137179897781715,
    12.211585163580144,
    10.909468091676082,
    13.629820266914393,
    9.321547368554366,
    9.042951412464971,
    10.067899049637141,
    8.817919585531374,
    9.470602796680275,
    11.423123644271062,
    11.977923008117006,
    5.460849671171071,
    8.72532136087907,
    12.043130298226782,
    12.26512813359238,
    10.152762154516022,
    10.452961470315982,
    7.503541729994842,
    12.974876454674256,
    13.245299992768942,
    10.914714447269553,
    9.92380398232978,
    11.47626284732018,
    9.279794004448846,
    11.972439396367848,
    6.595252458627146,
    9.697177289043118,
    10.678560469318992,
    10.354189267700544,
    7.50923403665457,
    9.6311490161911,
    7.859561353493237,
    7.337469900846687,
    10.80417581150241,
    8.268900896123805,
    10.372825182823883,
    9.917982602266948,
    9.083868791190358,
    10.260800702043674,
    7.601777068381043,
    10.548890363646425,
    10.920138296812096,
    10.83250816499744,
    13.234174789335592,
    10.934526866756283,
    7.526770523349348,
    8.225740823175665,
    8.103418348679556,
    11.364749232884462,
    11.781002563949293,
    9.121834998511408,
    12.680617009813721,
    11.450615382329437,
    8.572601053332324,
    9.709343212396897,
    7.2962460103324,
    7.673187035722889,
    9.2725509380448,
    11.876645618078456,
    10.152106168102623,
    8.946323602204403,
    8.45846086613273,
    9.225023646650554,
    5.9952521378527965,
    11.40233711795245,
    10.020152070173163,
    10.23920728379506,
    8.79129763539186,
    6.720378135455267,
    9.271401122436258,
    12.996035191123175,
    12.108071165432401,
    10.6297219940773,
    6.819329272556794,
    8.604620461656278,
    9.344090779592602,
    9.509402240590749,
    6.225063895476603,
    13.167777600190938,
    9.150798682587148,
    11.530884546350086,
    10.672231161624648,
    7.1496960123435676,
    11.251533870750313,
    3.3289543489432574,
    11.850494529757635,
    4.742756879638691,
    5.806717745664541,
    10.136998498718572,
    10.715227109205495,
    7.560476416778917,
    10.51859738076165,
    9.871985750654733,
    11.628137191177835,
    7.375922981229172,
    7.886354244723746,
    7.58663922086686,
    6.555311984203083,
    4.83315016223786,
    10.405261553665017,
    7.729050597650798,
    12.494466061575404,
    8.87860054867942,
    9.400242044068385,
    7.172732224214331,
    16.542874151518305,
    9.892769178451655,
    8.891657715056747,
    6.190885606995687,
    9.1621296155731,
    15.092273464872067,
    9.943271532811847,
    10.195428032661193,
    9.009073815649701,
    9.267193396594438,
    10.54409531808491,
    12.216235837002431
  ]
}