{
  "data_file": "data/tsp50_test.txt",
  "checkpoint": "checkpoints/discrete_ddpm_gated_gcn/best.pt",
  "mode": "discrete_ddpm",
  "encoder_type": "gated_gcn",
  "decoder": "merge+2opt",
  "inference_steps": 10,
  "n_samples": 16,
  "n_total": 1000,
  "n_valid": 1000,
  "avg_gap": 0.15807445464365058,
  "std_gap": 0.3306749837754616,
  "best_gap": 0.0,
  "worst_gap": 2.3008652183748852,
  "valid_rate": 1.0,
  "avg_infer_ms": 5296.411578416824,
  "all_gaps": [
    0.0,
    0.0,
    0.0,
    0.0,
    0.0,
    0.4648178229747804,
    0.0,
    0.0,
    0.0,
    0.0,
    0.0,
    0.0,
    0.0,
    0.4776504935568736,
    0.0,
    0.0,
    0.0,
    0.0,
    0.7809351060694744,
    0.0,
    0.029391322282447042,
    0.0,
    0.0,
    0.15616918612064476,
    0.7300278627071142,
    1.6971106191430059,
    0.04553395893660296,
    0.0,
    0.7946700743763728,
    0.1101285735616994,
    0.0,
    0.39278420998988167,
    0.06809090104234922,
    0.0,
    0.18001088413238245,
    0.1781951643069242,
    0.0,
    0.0,
    0.07985827051037099,
    0.0,
    0.0,
    0.0,
    0.09831805962282611,
    0.30852753847295084,
    0.0,
    0.0,
    0.0,
    0.18798858369184418,
    0.0,
    0.07945183562096333,
    0.0,
    0.0,
    0.05292512694404505,
    0.07840649008434025,
    0.0,
    0.0,
    1.3091880621793295,
    0.034910631511553006,
    0.0,
    0.0,
    0.0,
    0.42700194816280934,
    0.0,
    0.0,
    0.04652369735547903,
    0.0,
    0.0,
    0.3451530699168104,
    0.05298219418971952,
    0.0,
    0.10454850362659339,
    0.0,
    0.0,
    0.0,
    0.12389539356249762,
    0.0,
    0.0,
    0.0,
    0.0,
    0.0,
    0.21311561586347702,
    0.0,
    0.9918030679231931,
    0.032458046694794636,
    0.0,
    0.0,
    0.0,
    0.0,
    0.0,
    0.6615957076681899,
    0.773602127675455,
    0.0,
    0.0,
    0.04521010618116136,
    0.395296689783481,
    0.0,
    0.0,
    0.11323672413513762,
    0.0,
    0.16231512561146863,
    0.0,
    0.0,
    1.4136121197145868,
    0.042116790515459065,
    0.0,
    0.7955729184965741,
    0.514668154703881,
    0.0,
    1.6835650818865955,
    0.0,
    0.0,
    0.7756971693235883,
    0.1509023951082013,
    0.0,
    0.7003878368694224,
    0.0,
    0.050540292088047264,
    0.23633535097778946,
    0.4081031283170473,
    0.0,
    0.0,
    0.0,
    0.42981726940589104,
    0.0,
    0.5920368057369157,
    0.15533412631276597,
    0.0,
    0.30078984348784504,
    0.0,
    0.0,
    0.0,
    0.0,
    0.0,
    0.08306279573304388,
    0.3713843825079945,
    0.0,
    0.0,
    0.7748551620319885,
    0.05280518960410125,
    0.0,
    0.0,
    0.0822393713637286,
    0.07460381753462153,
    0.8046986665545726,
    0.0,
    0.0,
    0.02738493932192492,
    1.238356976797098,
    0.0,
    0.0,
    0.0,
    0.8891820997411756,
    0.0,
    1.80961556629988,
    0.0,
    1.0737023713108302,
    0.0,
    0.0,
    0.0,
    1.0799006210887971,
    0.0,
    0.0,
    0.0,
    0.4783048402942528,
    0.1073346095924559,
    0.0,
    0.0,
    0.4043197257446599,
    0.0,
    0.0,
    0.0,
    0.0,
    0.5555541469353268,
    0.0,
    0.9123161117744182,
    0.09160060624890926,
    0.0,
    0.0,
    0.13478238394862596,
    0.3253402389964188,
    0.0,
    0.0,
    0.0,
    0.0,
    0.0,
    0.4138778844604462,
    0.0,
    0.0,
    0.0,
    0.0,
    0.0,
    0.0,
    0.0,
    0.0,
    0.0,
    0.0,
    0.03248316509157566,
    0.0,
    0.6214846531933057,
    0.0,
    0.0,
    0.07141977211413875,
    0.19420428033875503,
    0.031162398058927905,
    0.0,
    1.07976379188092,
    0.0,
    0.0,
    0.0,
    0.43362272069333063,
    0.0,
    0.0,
    0.0,
    0.0,
    0.0,
    1.385670416869387,
    0.5956423374947836,
    0.8477067202665312,
    0.3661454762924152,
    0.0,
    0.4151336642749341,
    0.0,
    1.2405396591964462,
    0.42839806241843825,
    0.0,
    0.0,
    0.0,
    0.0,
    0.0,
    0.0,
    0.0,
    0.08000664292775087,
    1.383641429859615,
    0.03713459504316905,
    0.0,
    0.0,
    0.0,
    0.24086120134341935,
    0.0,
    0.0,
    0.0,
    0.0,
    0.4629932763111776,
    0.0,
    0.0,
    0.0,
    0.0,
    0.0,
    0.0,
    0.0,
    0.0,
    0.0,
    0.9462612694596438,
    0.5711642808703666,
    0.0,
    0.0,
    0.07087432647698366,
    0.0,
    0.23567995903157904,
    0.0,
    0.8337656230830919,
    0.0,
    0.0,
    0.0,
    0.0,
    0.14620660642678787,
    0.834864526433927,
    0.0,
    0.5603026269855864,
    0.0,
    0.0,
    0.10525716975979924,
    0.0,
    0.23337752967263403,
    0.7906647840919436,
    0.0,
    0.0,
    0.0,
    0.0,
    0.0,
    0.7319671858787662,
    0.23200346243741538,
    0.5727776534251374,
    0.0,
    0.0,
    0.0,
    0.30504159617960613,
    0.0,
    0.9638341199353558,
    0.0,
    0.12721614112694832,
    0.0,
    0.1901166476871924,
    0.0,
    0.0,
    0.0,
    0.0,
    0.354385417198483,
    0.0,
    0.33040995292285924,
    0.4670614677979772,
    0.7426169788015915,
    0.0,
    0.0,
    0.0,
    0.0,
    0.2367193070187131,
    0.0,
    0.1695415199375235,
    0.0,
    0.0,
    0.0,
    0.0,
    0.0,
    0.0,
    0.12320773929079565,
    0.03799645657027713,
    0.0,
    0.0,
    0.18555114358776845,
    0.1476890320739193,
    0.0,
    0.0,
    0.0,
    0.0,
    0.0,
    0.0,
    0.0,
    0.0,
    0.0,
    0.0,
    0.0,
    0.4408929440439525,
    0.0,
    0.1644834271732893,
    0.2320529940656519,
    1.113928667636934,
    0.14034383271865003,
    0.0,
    0.0,
    0.0,
    0.0,
    0.0,
    0.0,
    0.0,
    0.0,
    0.14391816102393257,
    0.9260027028966314,
    0.0,
    0.0,
    0.0,
    0.21251369786031335,
    0.0,
    0.0,
    0.0,
    1.6202335426452708,
    0.3399851727101437,
    0.44900096435618725,
    0.0,
    0.32902896090066497,
    0.0,
    0.0,
    0.0,
    0.0,
    0.46837571305948744,
    0.0,
    1.1893651376040968,
    0.0,
    0.0,
    0.0,
    0.0,
    0.0,
    0.6305878456599489,
    0.0,
    0.01752831707432936,
    0.0,
    0.0,
    0.0,
    0.0,
    0.4025643363565272,
    0.1492214163651774,
    0.0,
    0.9972889011445882,
    0.0,
    0.0,
    0.0,
    0.1348462619657014,
    0.17577133601153788,
    0.18412224423497486,
    0.41112286693879313,
    0.1528773832796942,
    0.12246797070936408,
    0.18762020196681392,
    0.3571129141961165,
    0.19685261328175532,
    0.0,
    0.0,
    0.7296310744973639,
    0.47540700146295406,
    0.0,
    0.0,
    0.0,
    0.0,
    0.0,
    0.0,
    0.0,
    0.0,
    0.0,
    0.19284230145455875,
    0.07876736416395926,
    0.0,
    0.8047841110600392,
    0.0,
    0.0,
    0.0,
    0.0,
    0.7877087060929004,
    0.0,
    0.0,
    0.0,
    0.0,
    0.0,
    0.0,
    0.0,
    0.0,
    0.0,
    0.0,
    0.0,
    0.0,
    0.0,
    0.01803117041148573,
    0.0,
    0.0,
    0.2519044287278438,
    0.2531627192921299,
    0.0,
    0.09391673956360559,
    0.7376460310882701,
    0.46661423495532545,
    0.0,
    0.0,
    0.0,
    0.0,
    0.0,
    0.0,
    0.03719349785297458,
    0.0,
    0.0,
    0.0,
    0.29290686947976496,
    0.07602795279583369,
    0.01747547495257104,
    0.0,
    0.10153418483121869,
    0.0,
    0.0,
    0.0,
    0.0,
    0.0,
    0.0,
    0.0,
    0.35910769772452367,
    0.45272734147275934,
    0.0,
    0.0,
    0.24882437848574196,
    0.0,
    0.0,
    0.0,
    0.9310422297107687,
    0.0,
    0.0,
    0.24747941642497767,
    0.1471014939930035,
    0.0,
    0.0,
    0.0,
    0.058298160329135276,
    0.0,
    0.0,
    0.0,
    0.0,
    0.0,
    0.6976733116547255,
    0.0,
    0.0,
    0.5065571435337711,
    0.0,
    0.9405043022838656,
    0.0,
    0.0,
    0.0,
    0.15548720306166883,
    0.3408482740653689,
    1.0573123136701883,
    0.26054571025163,
    0.0,
    0.0,
    0.0,
    0.0,
    0.0,
    0.0,
    0.0,
    0.46548548121212424,
    0.37786228919892073,
    0.0,
    0.0,
    0.0,
    0.0,
    0.0,
    0.9841660069360224,
    0.06114639263763112,
    0.29817780797058496,
    0.0,
    0.0,
    0.0,
    0.0,
    0.0,
