{
  "data_file": "data/tsp50_test.txt",
  "checkpoint": "checkpoints/flow_matching_gated_gcn/best.pt",
  "mode": "flow_matching",
  "encoder_type": "gated_gcn",
  "decoder": "merge+2opt",
  "inference_steps": 5,
  "n_samples": 32,
  "n_total": 1000,
  "n_valid": 1000,
  "avg_gap": 0.26493330635919204,
  "std_gap": 0.42734443732627164,
  "best_gap": 0.0,
  "worst_gap": 2.6250170474157355,
  "valid_rate": 1.0,
  "avg_infer_ms": 8532.712916374207,
  "all_gaps": [
    0.0,
    0.0,
    0.32746523248587517,
    0.0,
    1.3541062166842466,
    1.330695502727995,
    0.0,
    1.707188325967883,
    1.2758558279513947,
    1.2969391387905058,
    0.016040219466697973,
    0.0,
    0.0,
    0.19376921066528122,
    0.013854865547160039,
    0.0,
    0.0,
    0.0,
    0.7280936194526205,
    0.0,
    0.23383836009582987,
    0.0,
    0.0,
    0.0,
    0.0,
    0.318274600543596,
    0.04553395893660296,
    0.0,
    1.0981744760431267,
    0.04948099936552882,
    0.0,
    0.39278420998988167,
    0.18978181106877548,
    0.003984157184128236,
    0.4339399785077378,
    0.1781951643069242,
    0.0,
    0.0,
    0.0,
    0.0,
    0.0,
    0.08697510808298431,
    0.8612312291838089,
    0.23147325241881395,
    0.04952535311846417,
    0.0,
    0.0,
    0.2192600375429412,
    0.0,
    0.07945183562096333,
    0.0,
    0.0,
    0.05292512694404505,
    0.6741349967320456,
    1.9131190543877377,
    0.0,
    0.6196478875487776,
    0.23923126063433936,
    1.083183395407635,
    0.0,
    0.35704776985787584,
    0.0,
    0.0,
    0.15743607459842857,
    0.04652369735547903,
    0.0,
    0.0,
    0.4045268549846836,
    0.2383014547554916,
    0.10949805402752347,
    0.10454850362659339,
    0.0,
    0.0,
    1.3351450974848251,
    0.5081386720985858,
    0.9212745105537758,
    0.0,
    0.0,
    0.0,
    0.0,
    0.1734177425014708,
    1.0430392409001459,
    1.299414034509613,
    0.37912805527526433,
    0.0,
    0.2023609593755883,
    0.5608596416299589,
    1.1603444540277004,
    0.7688013951925083,
    0.34154418806584597,
    1.0068831469302815,
    0.0,
    0.0,
    1.146987333101854,
    0.395296689783481,
    0.3145214014552575,
    0.0,
    1.389817054769688,
    0.0,
    0.05221145027553002,
    0.0,
    0.0,
    0.610632063065458,
    0.0,
    0.0,
    0.659329479840147,
    0.0,
    0.0,
    1.755764457850881,
    0.0,
    0.0,
    0.0,
    0.07210644688785012,
    0.0,
    0.38414095695745,
    0.0,
    0.6894566582192692,
    0.0,
    0.4081031283170473,
    0.0,
    0.0,
    0.2796355984673978,
    0.42981726940589104,
    0.08841490000848119,
    0.2686637804533824,
    0.15533412631276597,
    0.0,
    0.7575848198591401,
    0.11838276415136974,
    0.29935919817979656,
    0.0,
    0.0,
    1.279560687022053,
    0.08306279573304388,
    0.0968888449451977,
    0.0,
    0.0,
    0.0,
    0.05280518960410125,
    2.147369886825992,
    0.0,
    1.2272582260754188,
    0.322818912187555,
    0.0,
    0.5507701128535707,
    0.0,
    0.0,
    1.238356976797098,
    0.0,
    0.0,
    0.0,
    0.07361793168945532,
    0.0,
    0.027754297161914184,
    0.25402197797839793,
    0.7875168280172358,
    0.0,
    0.0,
    0.0,
    0.07597139982698907,
    0.8501815919482143,
    0.0,
    0.0,
    0.4720927865482912,
    0.0,
    0.5038601069032634,
    0.0,
    0.4043197257446599,
    0.0,
    0.0,
    0.0,
    0.16064142215885624,
    0.5555541469353268,
    0.0,
    1.113469106387545,
    0.25044552013710564,
    0.0787473981098937,
    0.0,
    0.13478238394862596,
    0.12238637289596367,
    0.0,
    0.0,
    0.0,
    0.0,
    0.0,
    1.1780922773041398,
    0.0,
    0.0019140752357296236,
    0.13531870149374806,
    0.0972157586095962,
    0.0,
    0.0,
    0.0,
    0.45018824371273936,
    0.0,
    0.3395748565017844,
    0.0,
    0.0,
    0.5799481880087576,
    0.0,
    1.906980766738102,
    0.3549341664739175,
    0.19420428033875503,
    0.732126456794962,
    0.0,
    1.6122863473505888,
    0.0,
    0.6575715200827452,
    0.0,
    0.22365727345499664,
    0.0,
    0.05278107826607916,
    0.0,
    0.0,
    0.013851110187226373,
    0.3397781604747682,
    0.8187139478492885,
    0.0,
    0.32454650714569167,
    0.12078868095369696,
    0.0,
    0.2897233390321898,
    0.0,
    0.22853557287670898,
    0.0,
    0.0,
    0.6500250839527867,
    1.9081566870093154,
    0.0,
    0.0,
    1.0773961450903768,
    0.20570564636626876,
    0.25588312110581185,
    0.03713459504316905,
    0.32850859665512955,
    0.03045025233793495,
    0.4610272762062671,
    0.2727685234399936,
    0.0,
    0.0,
    0.3383447175468761,
    0.3678736669972273,
    0.0,
    0.0,
    0.473788370903328,
    0.0,
    0.3355654152046363,
    0.02884097854947757,
    0.0,
    0.18611316014951926,
    0.4068931565114461,
    0.0,
    1.4969831034496455,
    1.1256237203966593,
    0.0,
    0.0,
    0.594685498797713,
    0.0,
    0.6500468509370722,
    0.0,
    0.8337656230830919,
    0.0,
    1.1941177788837976,
    0.0,
    1.1650543270801033,
    0.0,
    1.0929605448204185,
    0.0,
    0.4066278303462128,
    0.8541996317255536,
    0.0,
    0.01391640439134155,
    0.0,
    0.0,
    1.1582730989440742,
    0.0,
    0.0,
    0.0,
    1.736203930148814,
    0.0,
    2.0890425983069085,
    0.0,
    0.28059804527340604,
    0.0,
    0.0,
    0.0,
    0.21475010131939481,
    0.0,
    0.32162353480794154,
    0.0,
    0.0,
    0.3284449063476934,
    0.8205396094376559,
    0.9186403846359676,
    0.0,
    1.018278561069992,
    0.0,
    0.5518409937593921,
    0.0,
    0.2851013742832423,
    0.4046785096207757,
    0.0,
    0.0,
    0.0,
    0.0,
    0.0,
    0.005880366429361393,
    0.0,
    0.3605911616508569,
    0.0,
    0.0,
    0.9509318803352956,
    0.0,
    0.4182154764850619,
    0.2943773055468256,
    0.12320773929079565,
    0.4139631055489266,
    0.0,
    0.0,
    0.36725133976331814,
    0.0,
    0.0,
    0.0,
    0.0,
    0.0,
    0.0,
    0.0,
    0.1832418536541814,
    0.0,
    0.07613173476714809,
    0.0,
    0.0,
    0.6033329171886235,
    0.0,
    0.5069263166383107,
    0.0,
    0.4409601750360942,
    0.511299669345416,
    0.0,
    0.0,
    0.0,
    0.26338201964379243,
    0.0,
    0.0,
    0.0,
    0.33023185758835055,
    0.0,
    0.52644166675944,
    0.0,
    0.05531049728710968,
    0.034510729488230876,
    0.2741665341701622,
    0.1726603744813073,
    0.0,
    0.0,
    0.0935680424920614,
    0.3399851727101437,
    0.0,
    0.0,
    0.2857304831578677,
    0.04363380175890144,
    0.0,
    0.5245181668784635,
    0.271900846434279,
    0.46837571305948744,
    0.08345198309116737,
    0.7625470063403404,
    0.0,
    0.8843755117391626,
    0.0,
    0.0,
    0.0,
    0.0,
    0.1799560148002852,
    0.0,
    0.0,
    0.0,
    0.10344685967383924,
    0.0,
    0.5564228028383057,
    0.013698499924293556,
    0.0,
    0.8249376354793025,
    0.0,
    0.0,
    0.0,
    0.9304106852548575,
    0.17577133601153788,
    0.729573796159077,
    0.5410507173529503,
    0.1528773832796942,
    0.12151126067341954,
    0.31941189182387303,
    1.0134660151218997,
    0.38055971831166974,
    0.0,
    0.0,
    1.2474697240335197,
    0.23979712343330847,
    0.15603606953961233,
    0.0,
    0.0,
    2.11567170586733,
    0.01623050010127983,
    0.0,
    0.4681292363288682,
    0.0,
    2.025496476872694,
    0.0,
    0.0,
    0.2932063176062163,
    0.29261299263718965,
    0.0,
    0.0,
    0.14989349362234036,
    0.10550137534480755,
    0.3578508436008764,
    0.5314731803637383,
    0.0,
    0.0,
    0.0,
    0.44615214059534414,
    0.0,
    0.0,
    0.06946621762534279,
    0.0,
    1.802992516244957,
    0.0,
    0.0,
    0.0,
    0.0,
    0.0,
    0.0,
    0.2167608186826626,
    0.0,
    0.0,
    0.0,
    0.14925995295008668,
    0.16504569089983806,
    0.0,
    0.19194972506506658,
    0.0,
    0.0,
    0.0,
    1.0070252294071573,
    0.03719349785297458,
    0.0,
    0.0,
    0.0,
