{
  "data_file": "data/tsp50_test.txt",
  "checkpoint": "checkpoints/flow_matching_gated_gcn/best.pt",
  "mode": "flow_matching",
  "encoder_type": "gated_gcn",
  "decoder": "merge+2opt",
  "inference_steps": 5,
  "n_samples": 16,
  "n_total": 1000,
  "n_valid": 1000,
  "avg_gap": 0.4720826347429317,
  "std_gap": 0.6057136015202527,
  "best_gap": -0.013615371041869145,
  "worst_gap": 3.008511205894616,
  "valid_rate": 1.0,
  "avg_infer_ms": 4134.668393611908,
  "all_gaps": [
    0.0,
    0.17820295995337024,
    1.3638824730984422,
    0.0,
    0.37443554714061916,
    2.3076932639405277,
    0.0,
    0.0,
    0.0995015183290997,
    2.041087053129763,
    0.6889093738099461,
    0.0,
    0.764574326456323,
    0.17371837039207913,
    1.0523736369081955,
    0.0,
    0.0,
    0.24141049201950007,
    0.9131983578971117,
    0.0,
    1.592294181475842,
    0.0,
    0.0,
    0.41075698722200377,
    0.0,
    0.21903662448720745,
    0.0,
    0.6292460999127674,
    1.0338888590359367,
    0.15960957292722822,
    1.0081721247487405,
    0.39278420998988167,
    0.13193461163232995,
    0.003984157184128236,
    0.7550207097342271,
    0.1781951643069242,
    0.0,
    0.0,
    0.0,
    0.0,
    0.9965070191927056,
    0.19502507209162973,
    1.8870406557502346,
    0.3225351060321833,
    0.04952535311846417,
    0.0,
    0.24391237431955234,
    0.0,
    0.0,
    0.07945183562096333,
    0.0,
    0.0,
    0.8088458672314965,
    1.0298138457477781,
    1.437558419617054,
    1.2796171698965872,
    0.0,
    0.42745681982845496,
    1.726683251214263,
    0.0,
    0.45155477350182555,
    1.5175722179325442,
    0.10600863455945393,
    0.0,
    0.04652369735547903,
    0.0,
    0.8029692222490109,
    1.0511773789220924,
    0.2383014547554916,
    0.0,
    0.10454850362659339,
    0.0,
    0.0,
    2.38526553944699,
    0.12389539356249762,
    0.7423872199062981,
    0.0,
    1.4881961431613417,
    0.6263576084392889,
    0.0,
    0.7249454120612302,
    1.5461862478678348,
    2.040113206718698,
    0.0,
    0.0,
    0.0,
    0.0,
    1.2986461708021175,
    1.0146137183189867,
    1.1060415297230932,
    0.553484006594214,
    0.0,
    0.380336001284489,
    1.146987333101854,
    0.1461137905464696,
    1.8421574371740783,
    0.9604659468547639,
    0.9622344930321457,
    0.6587012424526123,
    0.47644307120605606,
    0.9767733567798185,
    0.2964152598799556,
    0.18944189055829694,
    0.042116790515459065,
    0.0,
    0.30215558308595636,
    0.0,
    0.0,
    0.10961468431622534,
    0.0,
    0.7341786384850032,
    1.4676039693731355,
    0.6348532883141687,
    0.0,
    0.6285930791027442,
    0.2680363287215385,
    0.6430253714068886,
    0.23633535097778946,
    0.39799420871796815,
    0.0,
    0.7742821268802368,
    0.24148429845526073,
    1.2889707531834955,
    0.22275134436179259,
    0.2686637804533824,
    0.15533412631276597,
    0.4325945908713642,
    2.0306003791506835,
    0.0,
    1.8555680731358117,
    0.0,
    0.3975436886841189,
    1.3704259478382412,
    0.08306279573304388,
    0.0968888449451977,
    1.022113278585784,
    0.0,
    0.7748551620319885,
    0.05280518960410125,
    1.271572609826612,
    0.6377114177970756,
    1.2272582260754188,
    0.8852534044710959,
    0.0,
    0.7727730598199369,
    0.011355540312598937,
    0.02738493932192492,
    1.2655959637990881,
    0.09913664075529509,
    0.0,
    0.0,
    0.07361793168945532,
    0.0,
    0.07605726477587545,
    0.7273004940806806,
    1.6762282482589639,
    0.0,
    0.885220957085767,
    0.0,
    0.07597139982698907,
    0.7976110618426223,
    0.0,
    0.0,
    0.4723172170814157,
    1.1570928329723196,
    0.3501017063150772,
    0.0,
    0.4043197257446599,
    0.0,
    0.0,
    0.21420920346611225,
    0.0,
    0.038324840584085744,
    0.0,
    1.2014416875100262,
    0.1588449138881964,
    0.4502310749831065,
    0.0,
    0.13478238394862596,
    0.12238637289596367,
    0.3429953164353486,
    0.30406902098547056,
    0.0,
    0.0,
    0.0,
    1.4059441853831902,
    0.0,
    0.9669544099487887,
    0.0,
    0.8237161326727779,
    0.0,
    0.0,
    0.0,
    0.6433354763462705,
    0.0,
    0.3395748565017844,
    0.12052956813279544,
    0.07137138017246608,
    0.48110427324025673,
    0.48378504362708574,
    0.7746863729953386,
    0.39306866390509726,
    0.8644934905480653,
    1.912366247325338,
    0.0,
    1.6122863473505888,
    0.0,
    1.124696819859679,
    0.0,
    0.43362272069333063,
    0.0,
    0.05278107826607916,
    0.0,
    0.0,
    0.4926142553174232,
    1.6500715336965615,
    1.2411500651284584,
    0.4772505579096391,
    0.6580737687162848,
    0.2992428997390645,
    0.0,
    0.15389831411417346,
    1.548037506027068,
    0.5977028739708055,
    0.0,
    0.9996203992181679,
    0.0,
    1.609518524744282,
    0.0,
    0.0,
    0.9133577257274116,
    0.20570564636626876,
    0.0,
    0.03713459504316905,
    0.0,
    0.09398488276603824,
    0.0,
    0.2727685234399936,
    0.0,
    1.360473739057975,
    0.21093967064482344,
    0.3678736669972273,
    1.2513253518947693,
    0.9349707373802487,
    0.0,
    0.0,
    0.5631568261416884,
    0.12063356453543668,
    0.0,
    0.18611316014951926,
    1.0815919426857243,
    0.0,
    1.6332670495303354,
    1.8726561701179942,
    0.0,
    0.0,
    1.0386752930332466,
    1.0336929382482685,
    0.6500468509370722,
    0.0,
    0.8337656230830919,
    0.0,
    2.7215818329128525,
    0.0,
    1.5853975530560136,
    0.4415492984244555,
    0.5246305265372574,
    0.0,
    0.2532872161179167,
    0.7153070801991709,
    0.0,
    2.026150827533883,
    0.0,
    1.0203398702828415,
    0.33832099886538286,
    0.9548130903976619,
    0.34431245765494134,
    0.0,
    0.18198948805185736,
    0.08146887648011632,
    2.644161216585305,
    0.07616385324429892,
    0.8540987775091932,
    0.0,
    0.2875562866655658,
    0.0,
    0.30504159617960613,
    0.3112104748108291,
    0.0,
    0.0,
    0.0,
    0.0,
    0.9179712039637068,
    3.008511205894616,
    0.0,
    0.40860061335850956,
    0.498904026935695,
    1.3030921374294666,
    0.0,
    0.1501620414322391,
    0.0,
    0.7175817095874141,
    0.0,
    0.45971909802355004,
    0.0,
    0.37575738652808655,
    0.11762214793662638,
    0.0,
    0.4131047046310887,
    0.0,
    0.0,
    0.3359951155350097,
    0.0,
    0.0,
    0.2943773055468256,
    0.8256876437136571,
    0.4139631055489266,
    0.0,
    0.0,
    0.36725133976331814,
    1.1226438851162213,
    0.0,
    0.36480277558056134,
    1.211243178272217,
    0.0,
    0.0,
    0.0,
    0.38434258176532343,
    0.0,
    0.0,
    0.18648148758930816,
    0.0,
    0.5097093321960298,
    0.5944235639728341,
    1.1028396803010594,
    0.2320529940656519,
    0.26541545625075147,
    0.827690343956335,
    0.0,
    0.0,
    0.0,
    1.1364207477527195,
    0.0,
    0.0,
    0.0,
    0.33023185758835055,
    0.14391816102393257,
    0.0,
    2.914841143709781,
    0.05531049728710968,
    0.0,
    0.2741665341701622,
    2.742328065987068,
    0.0,
    0.0,
    1.6202335426452708,
    0.3399851727101437,
    1.0333812928767823,
    0.0,
    0.6542993329463721,
    0.0,
    0.0,
    0.0,
    1.5905761531838691,
    0.8719044991021114,
    0.2198802622460057,
    0.07750000316511754,
    1.6300256209800352,
    1.5883924016418145,
    0.17143299616451593,
    0.18998715002717897,
    0.0,
    0.06941880731115165,
    0.1799560148002852,
    0.617691657832351,
    0.934644412071198,
    0.0,
    0.5239608187072616,
    0.0,
    0.0,
    0.013698499924293556,
    0.0,
    0.9972889011445882,
    0.0,
    0.597453531974307,
    0.6994949197206184,
    0.6074532747812916,
    0.0,
    1.0334132855508553,
    0.016112885235886592,
    0.5735812868191179,
    0.12246797070936408,
    1.5448699616244537,
    2.318812765014692,
    1.1578192379363614,
    0.5396748518427239,
    0.0,
    1.1040444862804981,
    0.4837099185629066,
