{
  "data_file": "data/tsp50_test.txt",
  "checkpoint": "checkpoints/discrete_ddpm_gated_gcn/best.pt",
  "mode": "discrete_ddpm",
  "encoder_type": "gated_gcn",
  "decoder": "merge+2opt",
  "inference_steps": 10,
  "n_samples": 8,
  "n_total": 1000,
  "n_valid": 1000,
  "avg_gap": 0.28903980102302196,
  "std_gap": 0.5282802605941742,
  "best_gap": 0.0,
  "worst_gap": 3.8935204547386673,
  "valid_rate": 1.0,
  "avg_infer_ms": 2361.1797692775726,
  "all_gaps": [
    0.0,
    0.29356875319370673,
    0.0,
    0.0,
    0.0,
    1.3445158643688415,
    0.0,
    0.0,
    0.8567877957706231,
    0.03932421648284684,
    0.0,
    0.0,
    0.0,
    0.4776504935568736,
    0.0,
    0.0,
    0.0,
    0.2392025338943341,
    0.319040320939066,
    0.0,
    0.26322968237827693,
    0.0,
    0.0,
    0.15616918612064476,
    0.0,
    1.184573653017831,
    0.22204038951667676,
    0.0,
    0.8081431850740377,
    0.4041193819348219,
    0.30892352851129457,
    0.0,
    0.13193461163232995,
    0.0,
    0.49459540641398914,
    0.0,
    0.0,
    0.0,
    0.0,
    0.0,
    0.1959276159066554,
    0.021824959251657998,
    1.267349742927261,
    0.30852753847295084,
    0.0,
    0.0,
    0.0,
    0.43952245016168495,
    0.0,
    0.07700639663763668,
    0.0,
    1.0882659746041643,
    0.0,
    0.07840649008434025,
    0.0,
    0.0,
    1.6658924389457037,
    0.034910631511553006,
    1.1174421148326736,
    0.0,
    0.0,
    0.6235644747306996,
    0.10600863455945393,
    0.4006234323380991,
    0.04652369735547903,
    0.0,
    0.0,
    0.0,
    0.2383014547554916,
    1.5133967156955943,
    0.10454850362659339,
    0.0,
    0.0,
    0.0,
    0.12389539356249762,
    0.0,
    0.0,
    2.984508379301497,
    0.0,
    0.0,
    0.1734177425014708,
    0.4655102617158197,
    1.306930665981657,
    0.0,
    0.0,
    0.12419175667196078,
    0.0,
    1.1562419800473673,
    0.0,
    0.5483757064985346,
    0.773602127675455,
    0.0,
    0.0,
    0.8002617799172308,
    0.7265767574323521,
    0.0,
    0.0501025633828111,
    2.474016886806274,
    0.0,
    0.47644307120605606,
    0.0,
    0.2773420990419659,
    1.805408179016431,
    0.0,
    0.19494067953287367,
    0.7274782140446704,
    0.8674318365975023,
    0.0,
    2.2640581002701388,
    0.7669688837538103,
    0.0,
    1.3548583643002325,
    0.0,
    0.0,
    0.7003878368694224,
    0.0,
    0.050540292088047264,
    0.0,
    0.43769688615322466,
    0.0,
    0.0,
    0.0,
    1.3160019604313895,
    0.23402800378148847,
    0.9284919134497049,
    0.35785159964407726,
    0.0,
    0.0,
    0.0,
    0.1150428188295873,
    0.0,
    0.3780727717832758,
    0.26102226213011614,
    0.13515417802581378,
    0.0,
    1.022113278585784,
    0.0,
    1.4432444831453917,
    1.2082489927725764,
    0.0,
    0.48537072766602934,
    0.9734849660868605,
    0.5364063798488897,
    2.006872738752976,
    0.0,
    0.0,
    0.02738493932192492,
    1.152696546056307,
    0.0,
    0.0,
    0.0,
    0.07361793168945532,
    0.0,
    0.06852347532573608,
    3.8935204547386673,
    2.2562303148165883,
    0.0,
    0.0,
    0.0,
    0.0,
    0.0,
    0.0,
    0.0,
    0.4783048402942528,
    0.5487337037634771,
    0.0,
    0.0,
    0.0,
    0.0,
    0.0,
    0.21420920346611225,
    0.0,
    0.038324840584085744,
    0.0,
    1.2953693511063944,
    0.09160060624890926,
    0.0,
    0.0,
    0.0,
    0.3253402389964188,
    0.0,
    0.0,
    0.0,
    0.0,
    0.0,
    1.1780922773041398,
    0.0,
    0.0,
    0.13531870149374806,
    0.8237161326727779,
    0.0,
    0.0,
    0.0,
    1.9026105831645757,
    0.0,
    0.0,
    0.30572738645310504,
    0.07137138017246608,
    0.0,
    0.0,
    1.8478957487559424,
    0.0,
    0.19420428033875503,
    0.0,
    0.0,
    1.07976379188092,
    0.0,
    0.0,
    0.0,
    0.40947357572213205,
    0.0,
    0.0,
    0.0,
    0.0,
    0.0,
    1.385670416869387,
    0.3401418560308897,
    0.5149691497782374,
    0.3661454762924152,
    0.0,
    0.4151336642749341,
    0.15389831411417346,
    0.0,
    0.5547903007748618,
    0.0,
    0.0,
    0.09665435159258462,
    0.3350812080404508,
    0.0,
    0.0,
    0.0,
    0.20570564636626876,
    1.1596569226865556,
    0.03713459504316905,
    1.506138377039227,
    0.15081062604031858,
    0.0,
    0.2727685234399936,
    0.9487424973931551,
    0.0,
    0.21093967064482344,
    0.0,
    0.0,
    0.004579031544234187,
    0.0,
    0.21332044272750011,
    0.0,
    0.0,
    0.0,
    0.0,
    0.0,
    0.0,
    0.0,
    0.8910176505945814,
    0.0,
    0.0,
    0.6655598252746967,
    0.0,
    0.23567995903157904,
    0.0,
    0.8337656230830919,
    0.0,
    0.14249299269115312,
    0.0,
    0.7635551278923255,
    0.0,
    0.0,
    1.2663174687906766,
    0.5603026269855864,
    0.0,
    0.0,
    0.296236132798684,
    0.0,
    0.0,
    0.8199521000786911,
    0.0,
    0.15764526429788348,
    0.0,
    0.0,
    0.0,
    0.6004377213353064,
    0.903593272947485,
    0.8178911186454111,
    0.4045937419531068,
    0.0,
    0.0,
    0.519791697499001,
    0.0,
    0.8849511667838224,
    0.0,
    0.1013565534417663,
    0.0,
    0.1901166476871924,
    0.40303332235841344,
    0.0,
    0.7487002933238388,
    0.0,
    0.14356345291458414,
    0.0,
    0.1501620414322391,
    0.42943522653882316,
    0.7850776792659084,
    0.0,
    0.0,
    0.0,
    0.0,
    0.17712815221566827,
    0.0,
    1.2026088615266228,
    0.0,
    0.0,
    0.5214204488070867,
    0.0,
    0.29414356793825297,
    0.0,
    0.31281315655285064,
    0.0,
    0.0,
    0.0,
    0.18170019617554972,
    1.0177034881761033,
    0.0,
    1.2205451075368834,
    0.0,
    1.07470177509014,
    0.0,
    0.0,
    0.1832418536541814,
    0.0,
    0.0,
    0.0,
    0.0,
    0.2572163507615506,
    0.0,
    0.5877956647989988,
    0.2320529940656519,
    0.9807236170902953,
    0.14034383271865003,
    0.0,
    0.0,
    0.0,
    0.0,
    0.2499820286868514,
    0.0,
    0.0,
    0.0683490195779449,
    0.14391816102393257,
    1.8124020508701086,
    0.0,
    0.0,
    0.15564090201639094,
    0.2741665341701622,
    0.0,
    0.0,
    0.0,
    0.0,
    1.4262055159822313,
    1.2640317347008216,
    0.0,
    0.3571816999923097,
    0.0,
    0.0,
    0.0,
    0.271900846434279,
    0.5202988360995737,
    0.9071330643165845,
    1.1893651376040968,
    0.0,
    0.0,
    0.4050437550194846,
    0.020955041324292767,
    0.0,
    0.0,
    0.22822404749301958,
    0.01752831707432936,
    0.0,
    0.0,
    0.5239608187072616,
    0.0,
    0.0,
    0.1492214163651774,
    0.0,
    0.8249376354793025,
    0.0,
    0.0,
    0.0,
    0.6074532747812916,
    0.17577133601153788,
    0.0,
    1.0688076185151676,
    0.0,
    0.7240235030586845,
    0.31941189182387303,
    0.21588206929472445,
    0.19685261328175532,
    0.0,
    0.0,
    1.788565498689087,
    0.0,
    0.0,
    0.0,
    0.0,
    0.0,
    0.01623050010127983,
    0.22126315381462905,
    2.6941603827797382,
    0.0,
    0.0,
    0.19284230145455875,
    0.07876736416395926,
    0.0,
    0.3512873356943773,
    0.0,
    0.0,
    0.0,
    0.0,
    0.3578508436008764,
    0.0,
    0.0,
    0.0,
    0.0,
    0.30123324386776673,
    0.3370301140743799,
    0.0,
    0.7162750160709878,
    0.5525342842204967,
    2.5858006547157393,
    0.3764388212594794,
    0.0,
    0.0,
    0.01803117041148573,
    0.0,
    0.0,
    0.2519044287278438,
    0.4275559239366175,
    0.0,
    0.09391673956360559,
    0.6453903400083797,
    0.46644306715426304,
    0.0,
    0.3009123217144592,
    0.013899693500556963,
    1.0106471698431343,
    0.0,
    1.0829778457005577,
    0.03719349785297458,
    0.0,
    0.0,
    0.0,
    0.15311565572648045,
    2.4269358515210606,
    2.6163530419205476,
    0.4803761607304784,
    0.10153418483121869,
    0.0,
    0.0,
    0.0,
    0.0,
    0.0,
    0.0,
    0.0,
    0.0,
    0.43068288347155625,
    0.0,
    0.10782907272752953,
    0.9470007472721597,
    0.004923147582866076,
    0.0,
