{
  "data_file": "data/tsp50_test.txt",
  "checkpoint": "checkpoints/flow_matching_gated_gcn/best.pt",
  "mode": "flow_matching",
  "encoder_type": "gated_gcn",
  "decoder": "merge+2opt",
  "inference_steps": 20,
  "n_samples": 16,
  "n_total": 1000,
  "n_valid": 1000,
  "avg_gap": 0.4627867630392935,
  "std_gap": 0.6030037312550038,
  "best_gap": 0.0,
  "worst_gap": 2.992958389316879,
  "valid_rate": 1.0,
  "avg_infer_ms": 5631.302025079727,
  "all_gaps": [
    0.5102233911838527,
    0.0,
    0.32746523248587517,
    0.38539455608735423,
    0.776321389150999,
    2.3045019154910356,
    0.08301898453867404,
    0.0,
    1.3627616254744714,
    1.9817474538434046,
    0.0,
    0.0,
    0.0,
    0.46104407459943847,
    1.0662285024553555,
    0.0,
    0.0,
    0.5256796971984586,
    0.0,
    0.0,
    1.358455821380012,
    0.6172863187660984,
    0.0,
    0.0,
    0.628713682048645,
    0.21914496070071202,
    0.6168754087627272,
    0.8199108343647112,
    0.7946700743763728,
    0.04948099936552882,
    0.0,
    0.39278420998988167,
    0.41979299169987805,
    0.0,
    1.6161968754847145,
    0.1781951643069242,
    1.4375052420210184,
    0.0,
    0.31619760870939595,
    0.0,
    0.0,
    0.19502507209162973,
    1.968828391645017,
    0.3225351060321833,
    0.04952535311846417,
    0.0,
    1.1820839521755233,
    0.5518604182756278,
    0.0,
    0.07945183562096333,
    0.0,
    0.33947567250867877,
    1.1671953239153758,
    1.0219550491805582,
    1.437558419617054,
    0.0,
    0.0,
    0.113554911630693,
    0.600671608009478,
    0.0,
    0.0,
    0.6235644747306996,
    0.40653959801183204,
    0.2559996765788779,
    0.04652369735547903,
    0.7597019422602204,
    0.0,
    1.3111131070640527,
    0.2383014547554916,
    1.468393020198141,
    0.10454850362659339,
    0.6970056930623726,
    0.0,
    2.303455398467719,
    1.333223799067103,
    2.2176942528412935,
    0.0,
    0.0,
    0.0,
    0.1429448923480793,
    0.1734177425014708,
    1.4949833472570524,
    1.3447656727639425,
    0.37912805527526433,
    0.0,
    0.6444711134447421,
    0.5608596416299589,
    1.2986461708021175,
    0.0,
    0.6183483507379469,
    0.553484006594214,
    0.0,
    0.0,
    1.146987333101854,
    0.45304497351026,
    1.8421574371740783,
    0.0501025633828111,
    0.4985834349859784,
    0.6805807573476516,
    0.4491720786619166,
    0.10023747493376706,
    0.279857996739015,
    0.7852787886076932,
    0.0,
    0.0,
    0.033311707699589244,
    0.09500661627753049,
    0.0,
    0.10961468431622534,
    0.0,
    0.0,
    2.4823935988380086,
    0.07210644688785012,
    0.0,
    0.3349492773978685,
    0.0,
    0.7227160483755837,
    0.0,
    2.0554158318552824,
    0.0,
    0.7742821268802368,
    0.23650320100654124,
    0.7531539954657949,
    0.08841490000848119,
    0.2686637804533824,
    0.35785159964407726,
    0.0,
    0.3303699963544745,
    0.4500408224263346,
    0.18234540138435412,
    0.0,
    0.0,
    1.3476121385512991,
    0.08306279573304388,
    0.7171062545080318,
    2.1387701322113006,
    0.0,
    1.0144166630346567,
    0.17551815917894786,
    1.3773483598874734,
    0.6377114177970756,
    0.0822393713637286,
    0.7406831120370302,
    0.0,
    0.30292315846154655,
    0.011355540312598937,
    0.0,
    0.23698085810122288,
    0.0,
    0.0,
    0.0,
    0.07361793168945532,
    0.276621940681517,
    0.06852347532573608,
    0.0,
    1.344243427612915,
    0.0,
    0.0,
    0.2590637052076688,
    0.0,
    0.0,
    0.0,
    0.011060744352553279,
    0.5993012767715936,
    1.007216905829853,
    0.5038601069032634,
    0.5599235399094138,
    0.6916138402238752,
    0.8306644555513703,
    0.0,
    0.0,
    0.8427061123420417,
    0.8721424464428554,
    0.0,
    0.0,
    0.1588449138881964,
    0.0,
    0.0,
    0.13478238394862596,
    0.12238637289596367,
    0.0,
    0.0,
    0.0,
    0.0,
    0.0,
    0.0,
    0.0,
    0.9316152753300815,
    0.0,
    0.740157069630231,
    0.23781535531666895,
    0.0,
    1.0707582558756243,
    0.0,
    0.0,
    0.0,
    0.2034481757851499,
    0.07137138017246608,
    1.5599988563071052,
    0.4228798551481834,
    0.7620010530158925,
    0.07141977211413875,
    1.831440892117794,
    0.031162398058927905,
    0.0,
    1.07976379188092,
    0.0,
    0.0,
    0.0,
    0.0,
    0.0,
    0.5302457634035962,
    0.0,
    0.32608345319954724,
    0.013851110187226373,
    1.006892157667637,
    0.6511651385409661,
    0.9065200749710104,
    0.0,
    0.12078868095369696,
    0.0,
    0.0,
    0.0,
    1.12187501927661,
    1.8523349045282953,
    0.0,
    1.1028611901779861,
    0.6988424996762529,
    0.16472122019094138,
    0.0,
    0.0,
    0.20570564636626876,
    0.5833349917175534,
    0.03713459504316905,
    1.9231495525136435,
    0.15081062604031858,
    0.917313633326455,
    0.2727685234399936,
    0.015494453512950205,
    1.7880229673071089,
    0.0,
    0.0,
    0.8406874266897034,
    0.0,
    0.473788370903328,
    0.0,
    0.0,
    0.02884097854947757,
    0.0,
    0.18611316014951926,
    0.4068931565114461,
    0.0,
    0.8383332728024396,
    1.4926530899430295,
    0.0,
    0.0,
    0.9472086112877002,
    1.2686358666745534,
    0.6500468509370722,
    0.0,
    0.8337656230830919,
    0.0,
    1.602416090770941,
    1.1335154720330307,
    0.8218424251636882,
    0.14620660642678787,
    0.40946240002121764,
    1.066246826671473,
    0.0,
    0.7153070801991709,
    0.31070135003345156,
    0.7145677624324986,
    1.0634398955601863,
    0.0,
    0.33832099886538286,
    0.9548130903976619,
    0.0,
    0.0,
    2.992958389316879,
    0.0,
    1.7536365864499988,
    0.07616385324429892,
    1.3128098600832268,
    0.2402050240778478,
    0.0,
    0.07706678313752009,
    0.30504159617960613,
    0.0,
    0.7101224935546179,
    0.0,
    0.12721614112694832,
    0.42555965400900814,
    1.1140201425249585,
    0.6675446322742277,
    0.0,
    1.2881092646344998,
    0.0,
    0.39969686209748634,
    0.0,
    0.9624812612051926,
    0.3262787419002601,
    0.0,
    0.0,
    0.0,
    0.0,
    0.0,
    0.3961100341752068,
    0.0,
    1.278726423185701,
    0.0,
    0.0,
    0.5637668024243665,
    0.0,
    0.9590141660737428,
    0.28246078208933467,
    0.12320773929079565,
    0.03799645657027713,
    0.0,
    0.2780524764041304,
    1.7518178791142973,
    1.0495276446934587,
    0.0,
    0.0,
    2.2052788478120897,
    0.0,
    0.0,
    0.0,
    0.0,
    0.0,
    0.0,
    0.0,
    0.0,
    0.6033329171886235,
    0.06611536618713408,
    0.9309816607385699,
    0.8149586233714324,
    1.8395480411980607,
    0.827690343956335,
    0.0,
    0.0,
    0.8481151792087577,
    0.5482105610549122,
    0.0,
    0.0,
    1.6457633815990316,
    0.33023185758835055,
    0.0,
    0.4825250048442369,
    1.8107044664489695,
    0.24106824956258496,
    0.034510729488230876,
    0.2741665341701622,
    2.162493938029433,
    0.02719812864446484,
    0.0,
    0.0935680424920614,
    0.3399851727101437,
    0.44900096435618725,
    0.0,
    1.254802495549912,
    0.015368106410877748,
    2.2910335839827223,
    0.39179948737551107,
    2.810879384504554,
    0.5202988360995737,
    1.0465795167441179,
    1.8324953589301525,
    0.0,
    0.45388768375904,
    0.0,
    0.0,
    0.0,
    2.494384467412122,
    0.7261774883446298,
    0.01752831707432936,
    1.091892269979019,
    0.0,
    1.6783189649655317,
    0.05840138342657698,
    0.39013818504187237,
    0.0,
    0.0,
    0.0,
    0.0,
    0.597453531974307,
    0.45444071421701343,
    0.34878377068740124,
    0.262611534979698,
    0.4509232912629557,
    0.016112885235886592,
    0.1684757604497293,
    0.24397923138278363,
    0.0,
    1.0597569033626686,
    0.38055971831166974,
    1.0765451329714828,
    0.0,
    0.5933840496739973,
    0.4977356123731686,
    0.15603606953961233,
    0.0,
    0.3731541145435166,
    0.6812746478702144,
    0.7862654130715154,
    0.12877831627929395,
