{
  "data_file": "data/tsp50_test.txt",
  "checkpoint": "checkpoints/discrete_ddpm_gated_gcn/best.pt",
  "mode": "discrete_ddpm",
  "encoder_type": "gated_gcn",
  "decoder": "merge+2opt",
  "inference_steps": 10,
  "n_samples": 4,
  "n_total": 1000,
  "n_valid": 1000,
  "avg_gap": 0.5433689185355486,
  "std_gap": 0.8338402401767825,
  "best_gap": 0.0,
  "worst_gap": 5.226276885034493,
  "valid_rate": 1.0,
  "avg_infer_ms": 1205.9832038879395,
  "all_gaps": [
    0.0,
    0.0,
    0.0,
    0.0,
    0.37443554714061916,
    0.142177611515792,
    0.0,
    0.0,
    1.4904779782982331,
    0.22281364319822178,
    0.0,
    0.0,
    0.7599120461338835,
    0.670914702706379,
    0.013854865547160039,
    0.0,
    0.0,
    0.0,
    1.2870895507245075,
    0.0,
    0.029391322282447042,
    0.0,
    0.0,
    0.14519574623403073,
    0.8057626462013856,
    0.46101741200623575,
    1.9151803639909764,
    0.0,
    0.8081431850740377,
    0.1101285735616994,
    0.0,
    0.39278420998988167,
    0.06809090104234922,
    0.0,
    0.7990486578218362,
    1.2623678846573996,
    0.21963795643610276,
    0.0,
    0.07985827051037099,
    0.0,
    0.0,
    0.0,
    0.7971478670413543,
    0.23147325241881395,
    0.0,
    0.0,
    1.9917422372104687,
    0.43952245016168495,
    0.0,
    0.07700639663763668,
    0.0,
    0.0,
    0.05292512694404505,
    0.0,
    0.0,
    0.0,
    1.6658924389457037,
    0.23923126063433936,
    0.8595743453381904,
    0.6589424245298907,
    0.6872227776557562,
    0.37245959110979776,
    0.10600863455945393,
    0.4006234323380991,
    0.04652369735547903,
    0.0,
    0.0,
    0.8438096253935313,
    0.0,
    1.5133967156955943,
    0.10454850362659339,
    0.0,
    0.0,
    0.0,
    0.9552317681000535,
    0.0,
    0.0,
    1.9015871630676366,
    0.0,
    0.0,
    0.4826293687551442,
    0.8963622367833379,
    1.9302743200131984,
    1.8661518381062607,
    0.0,
    0.5480728419581762,
    0.0,
    1.159313098155653,
    0.0,
    1.202190540189569,
    4.385219849223126,
    0.0,
    0.0,
    1.0446678449165567,
    2.17472905775342,
    0.0,
    0.6006490741029354,
    3.74226688551471,
    0.6733375948132025,
    0.0,
    0.0,
    0.0,
    1.4136121197145868,
    0.042116790515459065,
    0.0,
    1.3413277393257281,
    1.0178016653600437,
    0.0,
    2.6262941899315098,
    0.7669688837538103,
    0.0,
    3.9772345342284674,
    1.7606235655631957,
    0.0,
    0.7003878368694224,
    0.0,
    0.7227160483755837,
    0.23633535097778946,
    2.477609535051736,
    0.7338116380580811,
    0.0,
    0.0,
    1.1008443632737697,
    1.1501274331940035,
    4.001110287898565,
    0.15533412631276597,
    0.0,
    0.30078984348784504,
    0.0,
    1.5928810409380225,
    0.0,
    0.829032977865473,
    0.28721789135844106,
    0.43279346894958737,
    0.7925397870899159,
    1.647791243816796,
    0.0,
    1.7823403468737855,
    0.17551815917894786,
    0.0,
    0.6377114177970756,
    0.0,
    0.07460381753462153,
    1.82616913476185,
    0.0,
    0.4354134562593398,
    0.13447319977058017,
    1.2523592697184396,
    0.09913664075529509,
    0.0,
    2.780184812403851,
    1.872591614103829,
    0.0,
    3.6012920345840804,
    2.7934739923857146,
    2.2562303148165883,
    0.0,
    0.0,
    0.0,
    0.0,
    0.3715407455340758,
    0.0,
    0.0,
    0.4723172170814157,
    0.1073346095924559,
    0.0,
    0.0,
    2.016594227024437,
    1.4894746090267232,
    0.0,
    1.8140790672977716,
    0.0,
    0.0,
    0.0,
    1.887628708820444,
    0.1588449138881964,
    0.0,
    0.0,
    0.13478238394862596,
    0.6669156596760609,
    0.0,
    0.0,
    0.017953658108520707,
    0.0,
    0.0,
    0.4138778844604462,
    0.0,
    0.0019140752357296236,
    0.0,
    0.8237161326727779,
    0.0,
    0.0,
    1.89579234637318,
    0.45018824371273936,
    0.0,
    0.3395748565017844,
    0.17096501069357423,
    1.632066898178914,
    1.1843338401343835,
    1.3885459786775995,
    0.7746863729953386,
    0.0,
    0.19420428033875503,
    2.082184194620775,
    0.15328813728948404,
    1.1703657130350331,
    0.0,
    2.301569556733814,
    0.0,
    0.43362272069333063,
    0.0,
    0.2956810698337691,
    0.0,
    0.0,
    0.013851110187226373,
    1.385670416869387,
    0.701643702172904,
    0.8477067202665312,
    1.3137036107687694,
    0.12078868095369696,
    0.4151336642749341,
    0.15389831411417346,
    0.1337315258970982,
    0.01715620638687514,
    0.0,
    0.08640723636455895,
    0.029847229850623453,
    0.0,
    0.0,
    0.0,
    0.0,
    2.8298598010043463,
    0.5833349917175534,
    0.8415723411103329,
    2.9129719588639875,
    0.3600467301801834,
    0.19514575022401728,
    0.5173993307948308,
    0.015494453512950205,
    0.0,
    0.0,
    0.0,
    0.0,
    2.0268071781015298,
    0.0,
    1.6486110451968148,
    0.0,
    0.02884097854947757,
    0.0,
    0.0,
    0.02286886356763357,
    0.0,
    1.6988806013700224,
    1.3740921294134003,
    0.0,
    0.0,
    0.6996353664259842,
    0.0,
    0.23567995903157904,
    0.0,
    0.0,
    0.0,
    0.14249299269115312,
    0.23742680718301054,
    0.0,
    0.6955766162111756,
    1.4632394434201121,
    1.325770635021828,
    1.1742673678149604,
    0.30708444685412917,
    0.0,
    2.1677893479089665,
    0.0,
    0.187466230454132,
    1.3123651360782291,
    0.0,
    0.3293265139470636,
    0.0,
    0.0,
    1.1200789011208472,
    0.03349890024143729,
    1.0547780279102656,
    0.32917711784865866,
    0.9768347273426403,
    0.7010453379605274,
    0.0,
    2.6455975849009423,
    0.09109757420045056,
    2.1023612020203633,
    0.0,
    0.12721614112694832,
    0.0,
    0.1901166476871924,
    0.21150413077541821,
    0.3725226846741785,
    1.5589230522389879,
    0.0,
    0.5229997725776471,
    0.0,
    0.4904982858485617,
    1.2707034184900436,
    0.7175817095874141,
    0.0,
    0.0,
    2.655194637640609,
    0.07352664305228666,
    0.2601971042434639,
    0.0,
    0.0,
    0.0,
    0.0,
    0.5637668024243665,
    0.0,
    1.1264208460481522,
    0.8532044206118401,
    0.31281315655285064,
    0.4139631055489266,
    0.0,
    0.0,
    1.5832206786752936,
    2.9362449935201584,
    0.0,
    2.4685015928067324,
    0.0,
    2.73507760905027,
    0.0,
    0.0,
    0.0,
    0.0,
    0.0,
    0.7225234839316369,
    0.0,
    0.6033329171886235,
    0.09479641833013346,
    0.7590946267129769,
    0.2320529940656519,
    2.130984880271453,
    0.37095583662676596,
    0.0,
    0.0,
    0.0,
    0.0,
    0.0,
    0.0,
    0.0,
    0.0,
    0.14391816102393257,
    0.0,
    0.0,
    3.394719442557401,
    0.15564090201639094,
    0.2741665341701622,
    1.3616701500156645,
    0.0,
    0.0,
    0.0935680424920614,
    2.1212681005714966,
    0.7925596422693436,
    0.0,
    1.0893202807798483,
    0.0,
    0.0,
    0.5269401970226426,
    0.0,
    0.18137076518241757,
    0.17175157859169335,
    1.0126450535264766,
    1.1324884807787994,
    0.0,
    0.5099134282794432,
    0.020955041324292767,
    0.0,
    0.0,
    0.1799560148002852,
    2.3385847301547527,
    0.0,
    0.0,
    0.10344685967383924,
    0.5478000908282715,
    0.7018769422220135,
    0.1492214163651774,
    0.0,
    0.8249376354793025,
    0.0,
    1.2975915417478632,
    0.45444071421701343,
    2.9886245273738328,
    0.262611534979698,
    0.0,
    0.0,
    0.1528773832796942,
    0.12246797070936408,
    0.31941189182387303,
    0.3571129141961165,
    0.38055971831166974,
    0.0,
    0.0,
    1.84942879658621,
    0.3058862049020849,
    3.497615951912662,
    0.09533114185589182,
    0.0,
    0.0,
    2.62748498126074,
    0.0,
    0.4681292363288682,
    0.0,
    0.0,
    1.4835682252880442,
    0.07876736416395926,
    0.15614705828162964,
    0.767802807281961,
    0.6633735777887125,
    0.0,
    0.18858919692286735,
    0.0,
    1.698014075204534,
    0.0,
    0.0,
    0.0,
    0.0,
    0.0,
    0.0,
    0.08690531472853355,
    2.2249898595658744,
