{
  "data_file": "data/tsp50_test.txt",
  "checkpoint": "checkpoints/flow_matching_gated_gcn/best.pt",
  "mode": "flow_matching",
  "encoder_type": "gated_gcn",
  "decoder": "greedy",
  "inference_steps": 50,
  "n_samples": 1,
  "n_total": 1000,
  "n_valid": 824,
  "avg_gap": 28.73287548617043,
  "std_gap": 15.909514672566992,
  "best_gap": 0.03633839053416953,
  "worst_gap": 79.57890669145355,
  "valid_rate": 0.824,
  "avg_infer_ms": 322.00262117385864,
  "all_gaps": [
    42.79037557397476,
    20.185274063538746,
    44.51069973003658,
    35.66928824673296,
    27.813849076592945,
    40.77200742006005,
    30.24913122985487,
    25.177643735822887,
    59.263024974283404,
    27.4827562128585,
    12.440152740103523,
    44.26189255937693,
    37.95168577746899,
    34.679045001008234,
    2.458648675609871,
    68.42296567584629,
    19.35443158279268,
    30.573641444085638,
    45.11796875869786,
    22.568052338664565,
    14.325638757692893,
    6.272187689721827,
    29.06973103203073,
    42.84545765754616,
    49.97731860721056,
    17.319480803428533,
    29.302581607597972,
    26.87034969032477,
    19.21645743328877,
    45.16473135614482,
    11.55956415869514,
    12.333426555626918,
    20.049249210244728,
    37.89976715879211,
    33.39743986726428,
    27.419504510105448,
    17.411433296963963,
    22.22233402819097,
    18.95593804560334,
    51.2154128291499,
    18.393496265245524,
    31.79535217250179,
    0.416746833411858,
    60.09489387040852,
    26.059452888021976,
    4.489268675949408,
    59.738087529421726,
    37.24612819772648,
    45.28096871109509,
    60.334197736596316,
    14.437999912972826,
    26.550959652113715,
    47.139598449059065,
    15.975765028661652,
    33.25971637475212,
    51.219665055734076,
    41.22169479603299,
    16.033778571962188,
    60.078971341226605,
    12.828896054696983,
    34.643524426961406,
    25.746923388901997,
    19.413053138709177,
    15.178242828289562,
    8.701434611262306,
    45.11251924645491,
    33.294274359864104,
    43.94021308409452,
    54.23825086263048,
    5.949601222806195,
    7.903591867318374,
    15.06427259384037,
    33.6688147478776,
    15.239768075845502,
    31.286813124956296,
    48.47150783869464,
    60.86913335267956,
    55.115069358348414,
    38.51528488241186,
    22.942528158734255,
    65.47858503266043,
    20.363215265886534,
    32.27281957250226,
    33.471603553003256,
    68.22148741469877,
    32.86813740828842,
    29.445129755729628,
    42.07581330020172,
    19.178787315084595,
    25.124180173164177,
    22.159457730949836,
    36.068362508065526,
    49.882116922299446,
    41.22145939329716,
    4.215917230352298,
    40.37837166227182,
    18.92295748286803,
    19.804262642348146,
    34.64168618692048,
    29.732588521543512,
    7.990427350062049,
    8.897024882871701,
    21.775964615586588,
    43.39220803710219,
    42.783909439773744,
    23.08258858049955,
    68.44084056383929,
    37.23776920201403,
    31.05108122448556,
    39.56847452453214,
    19.75650537833122,
    42.051228554124904,
    34.04111809206016,
    31.322412017308675,
    12.114336831367382,
    20.582498553207138,
    32.49818168843781,
    28.954820669019867,
    14.70662087210783,
    15.447312355991238,
    45.79647214549308,
    18.734854593605693,
    49.86532083247364,
    13.73564035273957,
    68.03287093808717,
    6.853351265698944,
    51.63911689510934,
    58.811769755425104,
    15.430509084236856,
    21.04499932539924,
    41.24989866122773,
    11.547330034677481,
    18.587966546846356,
    47.66294498756293,
    36.29872430035593,
    21.32478976590627,
    29.411782900615414,
    49.880944868075716,
    44.0801070375113,
    5.221189580722511,
    15.8437147873386,
    29.912823499249104,
    15.712240332245669,
    8.058328206504,
    34.738150135191994,
    69.16686965603387,
    20.39861104343878,
    20.1715411535628,
    20.376010765679553,
    29.13276217971515,
    17.256795553676273,
    16.1452570898705,
    16.580810139492193,
    12.217004171073615,
    33.963650747816565,
    42.66006702897137,
    37.16350830508469,
    50.63372356737381,
    18.674113558661098,
    25.35903479706598,
    31.919492938897914,
    27.898174071456754,
    13.863604149507289,
    22.641337744141254,
    38.31778549073713,
    17.14146382495489,
    17.700933716563355,
    67.36789652577308,
    36.83412544309191,
    19.596469832472145,
    40.9028578529216,
    44.35506682497904,
    46.77765618662498,
    37.427999762784445,
    19.353460756729763,
    45.56947845115044,
    15.465679600807942,
    7.475045427735556,
    9.86747071263343,
    35.84090702084592,
    25.009642481806594,
    2.533748496240485,
    16.888283140639047,
    8.481821292662502,
    42.476764398316156,
    15.155762859742222,
    34.10952525345218,
    30.855760847950307,
    28.01488494554349,
    44.08936147496317,
    16.484312136477914,
    29.51124266499832,
    28.47455456382751,
    32.57717284823112,
    15.84311943727649,
    11.95893380053748,
    5.954835216965562,
    2.5342169313767315,
    21.59415849815625,
    1.2762255293562972,
    21.741474750751657,
    19.279306524492444,
    33.94604580526337,
    31.581464312433503,
    31.434639803771685,
    36.08788387438609,
    38.743717042923016,
    38.65434970414474,
    34.35867810573055,
    3.070179712508886,
    14.7597622669746,
    25.6947678504842,
    11.857654595025037,
    36.928602888811106,
    49.87836759134195,
    26.014132157470083,
    22.08327337509337,
    28.425672602582008,
    18.946847704655305,
    40.01524264301868,
    9.946532201439364,
    4.614471730089656,
    33.56914675510949,
    8.878119534173072,
    30.71283781835544,
    46.0941290806819,
    19.100024882505338,
    35.366830335784144,
    59.789241402937854,
    42.441455493729265,
    12.217471294261497,
    10.864532606935814,
    10.63802186607076,
    21.315092314964918,
    53.024073808804275,
    28.353950641148355,
    41.98823248504163,
    15.726302600472264,
    35.793794558708875,
    15.903107598482677,
    60.09784654207674,
    63.379000297143506,
    16.828571721273892,
    0.6451028495895029,
    19.43858315989323,
    26.419128097260124,
    52.95852979060914,
    34.2052939470694,
    25.092122901307473,
    19.297103587762248,
    23.450792758091,
    35.511677148195666,
    42.37290318674894,
    6.220735405884916,
    46.0906057401913,
    31.862652266425727,
    38.791809914880346,
    19.12559001858262,
    9.328069426216054,
    29.836203925163662,
    4.209596860823161,
    7.22376077293302,
    9.205794852929946,
    33.271157043165836,
    13.108314041601435,
    0.3413234267829232,
    10.680461052416419,
    13.311256684870893,
    37.70753721003584,
    44.170572472091536,
    21.60349684527773,
    26.96720760236287,
    47.83453382741633,
    53.97647963204197,
    20.73718505727395,
    26.25559493542187,
    28.456521646731343,
    1.5802563573305628,
    31.25581670064032,
    16.334287764001864,
    7.109331204505185,
    33.13903573085247,
    34.0450098973741,
    23.351699301494044,
    37.625418524109385,
    20.75090140564992,
    7.114551650773837,
    15.336281228270845,
    33.46315249470342,
    16.13505000497473,
    20.206007392249873,
    42.656913142012705,
    12.681636293486987,
    20.265723723734432,
    71.3846912748835,
    12.810870160136673,
    22.3985899256766,
    24.927611823837093,
    50.37300543853939,
    25.428026903883673,
    18.798677995273515,
    41.13879417289782,
    41.9951468229307,
    39.22360191192476,
    15.696437701577008,
    54.29512739931229,
    12.1411230538797,
    33.64811265129269,
    20.02092228519303,
    14.043325439540277,
    32.5755451138667,
    6.707853714976405,
    27.183002242493014,
    15.815795632832888,
    18.943505182944797,
    10.588455830824556,
    62.500618962780294,
    45.61900178865036,
    16.693964137487853,
    18.267525150604445,
    20.807478107632893,
