{
  "data_file": "data/tsp50_test.txt",
  "checkpoint": "checkpoints/flow_matching_gated_gcn/best.pt",
  "mode": "flow_matching",
  "encoder_type": "gated_gcn",
  "decoder": "greedy",
  "inference_steps": 100,
  "n_samples": 1,
  "n_total": 1000,
  "n_valid": 799,
  "avg_gap": 27.579952730390453,
  "std_gap": 15.921552610587375,
  "best_gap": 0.0,
  "worst_gap": 90.03137677530955,
  "valid_rate": 0.799,
  "avg_infer_ms": 645.7302362918854,
  "all_gaps": [
    14.192561469117646,
    60.58232921196113,
    20.178629090939577,
    34.777201919679335,
    20.37555147892089,
    16.004078767770288,
    43.48082235385178,
    0.9522599757013819,
    28.186822291140125,
    21.011057050901318,
    66.3896581506119,
    50.05971736391732,
    0.5147445980437344,
    26.03087327723963,
    9.307737173333361,
    32.75744213375001,
    10.593909724786522,
    28.038524872559062,
    17.998645511328494,
    23.508627169662343,
    71.03975084106608,
    47.520419530071514,
    1.2242889853486492,
    19.746823945086124,
    49.72339063350693,
    19.478064634006184,
    12.881651619543193,
    41.48795655108922,
    23.837707705950503,
    54.353446855247576,
    7.080892902824545,
    32.52919811367753,
    19.74065983313782,
    19.749138052984957,
    32.88829476075317,
    7.124648235355739,
    2.4013615537936546,
    22.398422779083553,
    22.41159693840762,
    16.19027354724743,
    44.90385334607468,
    38.361348712707304,
    47.64087633036289,
    6.25125325935999,
    54.310315386609545,
    45.45284643977201,
    9.072347531062702,
    24.418169619735,
    21.333194415525934,
    38.73417373010175,
    18.952625737481053,
    14.88202015843366,
    40.93764332427223,
    25.938433649684146,
    25.349582938890247,
    39.806104661609524,
    11.635540040522423,
    10.476514919689565,
    4.6515086956082214,
    28.194131536791033,
    46.11766533464081,
    21.5078165133343,
    38.79312812431282,
    39.64444063415883,
    16.646016511149213,
    81.37715711372783,
    32.70185059814143,
    23.89414848141126,
    34.09527717405509,
    21.9522282711291,
    21.511880961775834,
    28.568566877827994,
    24.086782084322568,
    18.87946265052233,
    19.486522905795017,
    17.336093525209463,
    23.69809804226089,
    18.08161385158263,
    34.74677445336467,
    6.774452003227098,
    47.11958657268263,
    72.22654344471403,
    17.5344817203477,
    33.9175835165145,
    61.05866208354092,
    18.8338565397669,
    15.864840096448718,
    38.05602404677866,
    29.404796348130407,
    10.887857729322503,
    27.053901668778806,
    31.692464273225067,
    13.589721819314052,
    17.18239566199337,
    45.86976424696105,
    2.1681335617077186,
    12.671444707060225,
    12.90351356068436,
    36.56739814579362,
    25.966460288502713,
    27.639069072683505,
    26.39953949953413,
    29.776514384872748,
    24.60227706553101,
    27.833020740017577,
    39.21564475652004,
    41.31842501380338,
    17.776490261750887,
    6.267603366815286,
    42.79007543550656,
    26.89461577278899,
    37.17662957557269,
    57.747738501229215,
    48.35216975454665,
    19.448212611861273,
    27.80690912632221,
    34.556895932613976,
    30.127282494161367,
    35.87142949804314,
    49.97059787667191,
    36.36027789450829,
    6.440673213547746,
    29.80637417453544,
    14.033311017413325,
    40.39549488270781,
    5.728359742400868,
    52.65039547269428,
    38.91162638318436,
    33.313445613226314,
    46.0707595367564,
    24.981997432669132,
    17.36072082647424,
    2.6221453113628237,
    27.75971885210603,
    17.969701613964432,
    48.906483902366524,
    47.21011245081694,
    24.36185292641961,
    32.47887797644034,
    35.71090354083966,
    38.62133718906797,
    0.5953612449595524,
    67.63999276598733,
    14.382140862793491,
    25.350263117340038,
    23.885679562386848,
    57.6156842276639,
    1.827454467953055,
    66.24123272456272,
    12.522840879923889,
    37.743822852310835,
    13.444584345031283,
    75.12841657862546,
    27.205220355319625,
    21.307681493052662,
    21.60617072594911,
    30.870487432120854,
    4.743715278745961,
    20.472701278056718,
    29.755100342538505,
    36.46386967466091,
    26.51662550858705,
    13.140589388206807,
    13.200933997065864,
    11.467576319610316,
    18.073474147729748,
    45.84664848176883,
    3.6310579486271664,
    15.940005015984099,
    11.420674979571615,
    44.7793549689006,
    69.33643357814823,
    22.416539399792526,
    32.614432880884735,
    14.484846966587602,
    24.985986410743593,
    48.88016997891747,
    0.7729158527587876,
    16.729050907523053,
    22.527103561354796,
    24.492626004630385,
    38.07897034596777,
    20.40980350763639,
    36.4867050592317,
    60.76832995184811,
    23.360659121125725,
    62.546897922917275,
    21.63134808516812,
    16.95460955835753,
    26.587907937941065,
    44.84692803063842,
    19.097717195117365,
    59.280898336748756,
    6.2940721705966,
    56.27282421843819,
    40.047632984153495,
    21.360642457024852,
    57.846075411590206,
    37.41371482802741,
    40.25793765319373,
    45.40633966459616,
    29.47464424010784,
    46.713055632079914,
    30.26471926594342,
    11.432253560532786,
    10.351780534155536,
    25.631120707897082,
    30.39280730051459,
    23.916674311068366,
    11.923487185892153,
    26.098162139180943,
    42.39514864141153,
    37.80115150810802,
    22.978195932355806,
    25.049592371005602,
    29.4010043899178,
    20.17536825887848,
    18.069135932861766,
    46.66421141027503,
    32.66312073408751,
    18.883222922174735,
    39.26953002395805,
    16.028250686955317,
    22.453605159545674,
    16.093341127121576,
    15.638199532021632,
    50.62099683008786,
    29.518267302672356,
    4.358311399809778,
    33.64259806316162,
    19.88266821208341,
    36.542926193861916,
    49.90817995276989,
    14.967718902641334,
    18.131287604633528,
    19.860516097114733,
    29.696815480399273,
    28.400750423772998,
    29.49737007283193,
    14.788731045424635,
    54.2699768351654,
    44.17429114933702,
    48.64140897239905,
    19.803179703713223,
    28.714589805778264,
    15.693608317347524,
    1.9212529297876295,
    4.031902700606903,
    1.8300358102125314,
    11.313503741124624,
    35.58004735103227,
    23.83275375502088,
    26.057086114889028,
    34.158034890951576,
    23.29624305129024,
    52.16705597782614,
    26.475558490483696,
    8.90522358018661,
    28.882226076658917,
    36.48717406285421,
    31.737342140850917,
    36.035414627120076,
    8.554628304552015,
    50.11355736272491,
    30.037882348177586,
    28.024685905318364,
    3.5913916232057397,
    33.28466651618831,
    12.568917385224355,
    15.880319774241562,
    40.528661486654755,
    35.3800536389648,
    21.14318944887577,
    37.07783589133038,
    37.257083169216976,
    47.284335134643875,
    41.004750630917144,
    16.921616651569,
    32.05684878593059,
    11.8147809309376,
    44.94844727323012,
    10.836042426315753,
    19.68944063323621,
    44.96717177495515,
    28.374477791225104,
    27.708478677516833,
    64.77735343024082,
    26.75837993440394,
    1.3910391639075723,
    47.39546727118737,
    18.49236485389086,
    21.80468517221099,
    34.585680613984614,
    41.72796920245542,
    15.589577483376594,
    16.98149720905052,
    2.676115626836109,
    5.2704500278428466,
    21.5287177738097,
    25.822492862358743,
    11.437961560814676,
    8.101441036915391,
    24.25339522568927,
    20.75150862527318,
    16.051641747074342,
    17.005201968442858,
    17.454083256164825,
    59.3413993574668,
    26.297830082228785,
    40.44483422606262,
    61.72830918166798,
    31.486417990299287,
    5.781038342156418,
    64.49990442295648,
    39.864988118152155,
    47.59502676582891,
    19.562147722667532,
    36.04211041696963,
    8.689441754468376,
    21.329734978248002,
    33.81526031362943,
    5.894102009008736,
